status,shelf,support,x_global_mm,y_global_mm,y_from_shelf_front_mm,top_z_mm,shelf_through_diameter_mm,support_candidate_pocket_diameter_mm,support_candidate_pocket_depth_mm
REVIEW_ONLY_NOT_CNC,SHELF_1,SHELF_SUPPORT_1L,48,145,25,172.0,5.5,8.5,10.5
REVIEW_ONLY_NOT_CNC,SHELF_1,SHELF_SUPPORT_1L,48,220,100,172.0,5.5,8.5,10.5
REVIEW_ONLY_NOT_CNC,SHELF_1,SHELF_SUPPORT_1R,552,145,25,172.0,5.5,8.5,10.5
REVIEW_ONLY_NOT_CNC,SHELF_1,SHELF_SUPPORT_1R,552,220,100,172.0,5.5,8.5,10.5
REVIEW_ONLY_NOT_CNC,SHELF_2,SHELF_SUPPORT_2L,48,590,25,192.0,5.5,8.5,10.5
REVIEW_ONLY_NOT_CNC,SHELF_2,SHELF_SUPPORT_2L,48,665,100,192.0,5.5,8.5,10.5
REVIEW_ONLY_NOT_CNC,SHELF_2,SHELF_SUPPORT_2R,552,590,25,192.0,5.5,8.5,10.5
REVIEW_ONLY_NOT_CNC,SHELF_2,SHELF_SUPPORT_2R,552,665,100,192.0,5.5,8.5,10.5
REVIEW_ONLY_NOT_CNC,SHELF_3,SHELF_SUPPORT_3L,48,880,15,252.0,5.5,8.5,10.5
REVIEW_ONLY_NOT_CNC,SHELF_3,SHELF_SUPPORT_3L,48,940,75,252.0,5.5,8.5,10.5
REVIEW_ONLY_NOT_CNC,SHELF_3,SHELF_SUPPORT_3R,552,880,15,252.0,5.5,8.5,10.5
REVIEW_ONLY_NOT_CNC,SHELF_3,SHELF_SUPPORT_3R,552,940,75,252.0,5.5,8.5,10.5
