ID,instance,source,stock,quantity,material,status,volume_mm3
M001,P001-Main,SIDE_L,18,1,STRUCTURAL_PREMIUM,ONE_SIDE_CNC_PLUS_MANUAL_FINISH,11865853.838038225
M002,P002-Main,SIDE_R,18,1,STRUCTURAL_PREMIUM,ONE_SIDE_CNC_PLUS_MANUAL_FINISH,11865853.838038225
M003,P003-Main,FRONT,18,1,STRUCTURAL_PREMIUM,ONE_SIDE_CNC_PLUS_MANUAL_FINISH,2595426.5155491587
M004,P004-Main,REAR,18,1,STRUCTURAL_PREMIUM,ONE_SIDE_CNC_PLUS_MANUAL_FINISH,3349549.6231286186
M005,P005-Main,FLOOR,18,1,STRUCTURAL_PREMIUM,ONE_SIDE_CNC_PLUS_MANUAL_FINISH,12192771.803602736
M006,P006-Main,FLOOR_CLEAT_18,18,1,STRUCTURAL_PREMIUM,ONE_SIDE_CNC_READY,622134.0
M006,P007-Main,FLOOR_CLEAT_552,18,1,STRUCTURAL_PREMIUM,ONE_SIDE_CNC_READY,622134.0
M007,P008-Main,REAR_DOOR,12,1,MODULAR_SECONDARY,ONE_SIDE_CNC_PLUS_MANUAL_FINISH,1559761.2128892979
M008,P009-Main,SHELF_1,12,1,MODULAR_SECONDARY,ONE_SIDE_CNC_READY,1006859.601866747
M008,P010-Main,SHELF_2,12,1,MODULAR_SECONDARY,ONE_SIDE_CNC_READY,1006859.601866747
M009,P011-Main,SHELF_3,12,1,MODULAR_SECONDARY,ONE_SIDE_CNC_READY,1006859.601866747
M010,P012-Main,SHELF_SUPPORT_1L,18,1,STRUCTURAL_PREMIUM,ONE_SIDE_CNC_PLUS_MANUAL_FINISH,110777.35918287507
M011,P013-Main,SHELF_SUPPORT_1R,18,1,STRUCTURAL_PREMIUM,ONE_SIDE_CNC_PLUS_MANUAL_FINISH,110777.35918287508
M010,P014-Main,SHELF_SUPPORT_2L,18,1,STRUCTURAL_PREMIUM,ONE_SIDE_CNC_PLUS_MANUAL_FINISH,110777.35918287508
M011,P015-Main,SHELF_SUPPORT_2R,18,1,STRUCTURAL_PREMIUM,ONE_SIDE_CNC_PLUS_MANUAL_FINISH,110777.35918287508
M012,P016-Main,SHELF_SUPPORT_3L,18,1,STRUCTURAL_PREMIUM,ONE_SIDE_CNC_PLUS_MANUAL_FINISH,110777.35918287507
M013,P017-Main,SHELF_SUPPORT_3R,18,1,STRUCTURAL_PREMIUM,ONE_SIDE_CNC_PLUS_MANUAL_FINISH,110777.3591828751
M014,P018-Main,CROSS_1,18,1,STRUCTURAL_PREMIUM,ONE_SIDE_CNC_PLUS_MANUAL_FINISH,777023.9999999999
M014,P019-Main,CROSS_2,18,1,STRUCTURAL_PREMIUM,ONE_SIDE_CNC_PLUS_MANUAL_FINISH,777023.9999999998
M014,P020-Main,CROSS_3,18,1,STRUCTURAL_PREMIUM,ONE_SIDE_CNC_PLUS_MANUAL_FINISH,777023.9999999999
M015,P021-Main,CROSS_GUIDE_1L,18,1,STRUCTURAL_PREMIUM,ONE_SIDE_CNC_PLUS_MANUAL_FINISH,138523.5070003009
M016,P022-Main,CROSS_GUIDE_1R,18,1,STRUCTURAL_PREMIUM,ONE_SIDE_CNC_PLUS_MANUAL_FINISH,138523.50700030092
M015,P023-Main,CROSS_GUIDE_2L,18,1,STRUCTURAL_PREMIUM,ONE_SIDE_CNC_PLUS_MANUAL_FINISH,138523.50700030092
M016,P024-Main,CROSS_GUIDE_2R,18,1,STRUCTURAL_PREMIUM,ONE_SIDE_CNC_PLUS_MANUAL_FINISH,138523.50700030092
M015,P025-Main,CROSS_GUIDE_3L,18,1,STRUCTURAL_PREMIUM,ONE_SIDE_CNC_PLUS_MANUAL_FINISH,138523.50700030092
M016,P026-Main,CROSS_GUIDE_3R,18,1,STRUCTURAL_PREMIUM,ONE_SIDE_CNC_PLUS_MANUAL_FINISH,138523.50700030092
M017,P027-Main,PC_BASE,18,1,MODULAR_SECONDARY,ONE_SIDE_CNC_PLUS_MANUAL_FINISH,2357807.9684582353
M018,P028-Main,BACKBOX_BASE,18,1,STRUCTURAL_PREMIUM,ONE_SIDE_CNC_PLUS_MANUAL_FINISH,1392779.803914356
M024,P033-Main,SSF_BST_Carrier,12,1,STRUCTURAL_PREMIUM,ONE_SIDE_CNC_READY,387659.60186674696
M025,P034-Main,PF_BasePlywood,18,1,STRUCTURAL_PREMIUM,ONE_SIDE_CNC_PLUS_MANUAL_FINISH,8657745.451874824
M026,P035-Main,PF_OpenCradleL,18,1,STRUCTURAL_PREMIUM,ONE_SIDE_CNC_PLUS_MANUAL_FINISH,480358.9461748493
M027,P036-Main,PF_OpenCradleR,18,1,STRUCTURAL_PREMIUM,ONE_SIDE_CNC_PLUS_MANUAL_FINISH,480358.9461748494
M028,P037-Main,RemovableIntakeFilterL,12,1,MODULAR_SECONDARY,ONE_SIDE_CNC_PLUS_MANUAL_FINISH,163000.8155960494
M028,P038-Main,RemovableIntakeFilterR,12,1,MODULAR_SECONDARY,ONE_SIDE_CNC_PLUS_MANUAL_FINISH,163000.81559604936
M029,P039-Main,MX_WoodSeatL,18,1,STRUCTURAL_PREMIUM,ONE_SIDE_CNC_PLUS_MANUAL_FINISH,63095.55030953105
M029,P040-Main,MX_WoodSeatR,18,1,STRUCTURAL_PREMIUM,ONE_SIDE_CNC_PLUS_MANUAL_FINISH,63095.55030953093
M030,P041-Main,MatrixCarrier,12,1,MODULAR_SECONDARY,ONE_SIDE_CNC_PLUS_MANUAL_FINISH,616025.3615000997
M033,P044-Main,BB_Floor,18,1,STRUCTURAL_PREMIUM,ONE_SIDE_CNC_PLUS_MANUAL_FINISH,1699798.4099964907
M035,P046-Main,BB_RearFrame,18,1,STRUCTURAL_PREMIUM,ONE_SIDE_CNC_PLUS_MANUAL_FINISH,2076127.1999998463
M056,P079-Main,BB_DoorL,12,1,MODULAR_SECONDARY,ONE_SIDE_CNC_PLUS_MANUAL_FINISH,2389969.5614901287
M057,P080-Main,BB_DoorR,12,1,MODULAR_SECONDARY,ONE_SIDE_CNC_PLUS_MANUAL_FINISH,2389969.561490129
M062,P085-Reduced18,BB_HingeCleatL,18,1,STRUCTURAL_PREMIUM,ONE_SIDE_CNC_READY,202216.00000000003
M062,P086-Reduced18,BB_HingeCleatR,18,1,STRUCTURAL_PREMIUM,ONE_SIDE_CNC_READY,202216.00000000003
M063,P087-Main,BB_CenterAstragal,12,1,MODULAR_SECONDARY,ONE_SIDE_CNC_READY,260927.99999999997
M064,P088-Main,BB_UprightLockLParkingPad0,18,1,STRUCTURAL_PREMIUM,ONE_SIDE_CNC_READY,26191.692699357074
M065,P089-Main,BB_UprightLockLParkingPad1,18,1,STRUCTURAL_PREMIUM,ONE_SIDE_CNC_PLUS_MANUAL_FINISH,26070.61048249997
M064,P090-Main,BB_UprightLockRParkingPad0,18,1,STRUCTURAL_PREMIUM,ONE_SIDE_CNC_READY,26191.692699357074
M065,P091-Main,BB_UprightLockRParkingPad1,18,1,STRUCTURAL_PREMIUM,ONE_SIDE_CNC_PLUS_MANUAL_FINISH,26070.61048249997
M066,P092-Main,BB_FanBlankL,12,1,MODULAR_SECONDARY,ONE_SIDE_CNC_READY,195844.5929851777
M066,P093-Main,BB_FanBlankR,12,1,MODULAR_SECONDARY,ONE_SIDE_CNC_READY,195844.5929851777
SW01,P029-Solid,CandidateLegBlockFL,,1,STRUCTURAL_SOLID_WOOD,SHOP_MADE_SOLID_WOOD_PART,176894.2173821526
SW01,P030-Solid,CandidateLegBlockFR,,1,STRUCTURAL_SOLID_WOOD,SHOP_MADE_SOLID_WOOD_PART,176894.21738214258
SW01,P031-Solid,CandidateLegBlockRL,,1,STRUCTURAL_SOLID_WOOD,SHOP_MADE_SOLID_WOOD_PART,176894.21738093067
SW01,P032-Solid,CandidateLegBlockRR,,1,STRUCTURAL_SOLID_WOOD,SHOP_MADE_SOLID_WOOD_PART,176894.21738092648
M074,P097-Main,Underfront_Plate,12,1,MODULAR_SECONDARY,ONE_SIDE_CNC_PLUS_MANUAL_FINISH,221279.5751316061
SW02,P095-Solid,FrontLandingL_Block,,1,STRUCTURAL_SOLID_WOOD,SHOP_MADE_SOLID_WOOD_PART,245252.62800844756
SW02,P096-Solid,FrontLandingR_Block,,1,STRUCTURAL_SOLID_WOOD,SHOP_MADE_SOLID_WOOD_PART,245252.62800844762
M031,P042-Main,BB_SideL,18,1,STRUCTURAL_PREMIUM,ONE_SIDE_CNC_PLUS_MANUAL_FINISH,2638801.561357351
M032,P043-Main,BB_SideR,18,1,STRUCTURAL_PREMIUM,ONE_SIDE_CNC_PLUS_MANUAL_FINISH,2638801.5613573347
M034,P045-Main,BB_Top,18,1,STRUCTURAL_PREMIUM,ONE_SIDE_CNC_PLUS_MANUAL_FINISH,3359895.8441773723
M078,V34-BB_MONITOR_PLATE,BB_MONITOR_PLATE,18,1,STRUCTURAL_PREMIUM,ONE_SIDE_CNC_PLUS_MANUAL_FINISH,5343731.968568945
M075,V34-BB_MONITOR_STOP_L,BB_MONITOR_STOP_L,12,1,STRUCTURAL_PREMIUM,ONE_SIDE_CNC_PLUS_MANUAL_FINISH,14400.0
M075,V34-BB_MONITOR_STOP_R,BB_MONITOR_STOP_R,12,1,STRUCTURAL_PREMIUM,ONE_SIDE_CNC_PLUS_MANUAL_FINISH,14400.0
M076,V34-BB_DMD_SPEAKER_PANEL,BB_DMD_SPEAKER_PANEL,18,1,STRUCTURAL_PREMIUM,ONE_SIDE_CNC_PLUS_MANUAL_FINISH,2333062.0679013114
M077,V34-BB_GLASS_TOP_RETAINER,BB_GLASS_TOP_RETAINER,12,1,STRUCTURAL_PREMIUM,ONE_SIDE_CNC_PLUS_MANUAL_FINISH,107136.0
M037,V34-BB_GLASS_BOTTOM_SEAT,BB_GLASS_BOTTOM_SEAT,18,1,STRUCTURAL_PREMIUM,ONE_SIDE_CNC_PLUS_MANUAL_FINISH,193440.0
