id,description_en,description_pt_BR,quantity,unit,freeze_status,notes
F59,Landing-to-side wood screw,Parafuso do apoio para a lateral,8,piece,PURCHASE_BEFORE_CNC,"Exact architectural count; purchased dimensions, material/grade, fit and physical load qualification remain HOLD. No final bores or thread substitution authorized. Four per support; 12 mm nominal side engagement leaves 6 mm nominal skin. Actual plywood, screw/head and pilot must prevent exterior breakthrough."
F60,Landing lamination wood screw,Parafuso das lâminas do apoio,4,piece,PURCHASE_BEFORE_CNC,"Exact architectural count; purchased dimensions, material/grade, fit and physical load qualification remain HOLD. No final bores or thread substitution authorized."
F61,"Captive closed-playfield retention hex bolt, M6 family","Parafuso sextavado cativo de retenção do playfield, família M6",2,piece,PURCHASE_BEFORE_CNC,"Exact architectural count; purchased dimensions, material/grade, fit and physical load qualification remain HOLD. No final bores or thread substitution authorized. TOOL OPERATED, not hand-knob operated. Two thin jam nuts plus washer set engagement; captivity is a separate B17 part. No custom metal."
H27,M8 articulated landing foot with replaceable contact pad,Pé articulado M8 do apoio com contato substituível,2,piece,PURCHASE_BEFORE_CNC,"Exact architectural count; purchased dimensions, material/grade, fit and physical load qualification remain HOLD. No final bores or thread substitution authorized. Stem/joint/disc/pad are visual subparts of TWO purchased foot assemblies, not eight purchased parts. Require captive articulation ≥10° in this inverted support orientation and include contact thickness in stack; purchased foot load rating and inverted suitability unqualified. ±3 mm is installation/stock compensation around the unchanged CURRENT pose, not permission to change the playing angle; whole-pose range extremes are not validated."
I15,M8 metal landing receiver insert,Inserto metálico M8 do apoio,2,piece,PURCHASE_BEFORE_CNC,"Exact architectural count; purchased dimensions, material/grade, fit and physical load qualification remain HOLD. No final bores or thread substitution authorized."
I16,M8 adjuster locknut,Contraporca M8 do regulador,2,piece,PURCHASE_BEFORE_CNC,"Exact architectural count; purchased dimensions, material/grade, fit and physical load qualification remain HOLD. No final bores or thread substitution authorized."
I17,Blind-installed M6 metal retention receiver,Inserto metálico M6 de retenção em furo cego,2,piece,PURCHASE_BEFORE_CNC,"Exact architectural count; purchased dimensions, material/grade, fit and physical load qualification remain HOLD. No final bores or thread substitution authorized. Blind describes the wood bore, not necessarily a closed-end insert. Two vertical-world receivers enter the inclined M025 underside; rigid angled drill guide and depth-stop coupon are mandatory. M025 reference B-rep has no released receiver holes."
I18,M6 thin jam nut for retention stop stack,Contraporca fina M6 para batente de retenção,4,piece,PURCHASE_BEFORE_CNC,"Exact architectural count; purchased dimensions, material/grade, fit and physical load qualification remain HOLD. No final bores or thread substitution authorized."
W11,M8 landing adjuster washer,Arruela M8 do regulador do apoio,2,piece,PURCHASE_BEFORE_CNC,"Exact architectural count; purchased dimensions, material/grade, fit and physical load qualification remain HOLD. No final bores or thread substitution authorized."
W12,M6 retention bearing washer,Arruela M6 de apoio da retenção,2,piece,PURCHASE_BEFORE_CNC,"Exact architectural count; purchased dimensions, material/grade, fit and physical load qualification remain HOLD. No final bores or thread substitution authorized."
B17,M6-family captive push-on retaining ring,Anel de retenção cativo tipo pressão para família M6,2,piece,PURCHASE_BEFORE_CNC,"Exact architectural count; purchased dimensions, material/grade, fit and physical load qualification remain HOLD. No final bores or thread substitution authorized. Primary source is a mechanism example for M5, NOT selected M6 hardware or verified Brazilian stock. Qualify push-on retention on selected fully threaded M6 bolt, drop travel and removal/reuse; do not assume a smooth shaft or custom groove."
