id,part,x_mm,y_mm,z_mm,axis_x,axis_y,axis_z,diameter_mm,depth_mm,operation,status
CandidateFixedSupportScrew1L1-support,SHELF_SUPPORT_1L,60.0,175,151.0,-1,0,0,4.5,42.0,EDGE_THROUGH_DRILL,CANDIDATE_HARDWARE_UNQUALIFIED
CandidateFixedSupportScrew1L1-wall,SIDE_L,18,175,151.0,-1,0,0,2.5,13,INNER_FACE_BLIND_PILOT,HOLD_SCREW_AND_PLYWOOD_COUPON
CandidateFixedSupportScrew1L2-support,SHELF_SUPPORT_1L,60.0,245,151.0,-1,0,0,4.5,42.0,EDGE_THROUGH_DRILL,CANDIDATE_HARDWARE_UNQUALIFIED
CandidateFixedSupportScrew1L2-wall,SIDE_L,18,245,151.0,-1,0,0,2.5,13,INNER_FACE_BLIND_PILOT,HOLD_SCREW_AND_PLYWOOD_COUPON
CandidateFixedSupportScrew1R1-support,SHELF_SUPPORT_1R,540.0,175,151.0,1,0,0,4.5,42.0,EDGE_THROUGH_DRILL,CANDIDATE_HARDWARE_UNQUALIFIED
CandidateFixedSupportScrew1R1-wall,SIDE_R,582,175,151.0,1,0,0,2.5,13,INNER_FACE_BLIND_PILOT,HOLD_SCREW_AND_PLYWOOD_COUPON
CandidateFixedSupportScrew1R2-support,SHELF_SUPPORT_1R,540.0,245,151.0,1,0,0,4.5,42.0,EDGE_THROUGH_DRILL,CANDIDATE_HARDWARE_UNQUALIFIED
CandidateFixedSupportScrew1R2-wall,SIDE_R,582,245,151.0,1,0,0,2.5,13,INNER_FACE_BLIND_PILOT,HOLD_SCREW_AND_PLYWOOD_COUPON
CandidateFixedSupportScrew2L1-support,SHELF_SUPPORT_2L,60.0,620,171.0,-1,0,0,4.5,42.0,EDGE_THROUGH_DRILL,CANDIDATE_HARDWARE_UNQUALIFIED
CandidateFixedSupportScrew2L1-wall,SIDE_L,18,620,171.0,-1,0,0,2.5,13,INNER_FACE_BLIND_PILOT,HOLD_SCREW_AND_PLYWOOD_COUPON
CandidateFixedSupportScrew2L2-support,SHELF_SUPPORT_2L,60.0,690,171.0,-1,0,0,4.5,42.0,EDGE_THROUGH_DRILL,CANDIDATE_HARDWARE_UNQUALIFIED
CandidateFixedSupportScrew2L2-wall,SIDE_L,18,690,171.0,-1,0,0,2.5,13,INNER_FACE_BLIND_PILOT,HOLD_SCREW_AND_PLYWOOD_COUPON
CandidateFixedSupportScrew2R1-support,SHELF_SUPPORT_2R,540.0,620,171.0,1,0,0,4.5,42.0,EDGE_THROUGH_DRILL,CANDIDATE_HARDWARE_UNQUALIFIED
CandidateFixedSupportScrew2R1-wall,SIDE_R,582,620,171.0,1,0,0,2.5,13,INNER_FACE_BLIND_PILOT,HOLD_SCREW_AND_PLYWOOD_COUPON
CandidateFixedSupportScrew2R2-support,SHELF_SUPPORT_2R,540.0,690,171.0,1,0,0,4.5,42.0,EDGE_THROUGH_DRILL,CANDIDATE_HARDWARE_UNQUALIFIED
CandidateFixedSupportScrew2R2-wall,SIDE_R,582,690,171.0,1,0,0,2.5,13,INNER_FACE_BLIND_PILOT,HOLD_SCREW_AND_PLYWOOD_COUPON
CandidateFixedSupportScrew3L1-support,SHELF_SUPPORT_3L,60.0,920,231.0,-1,0,0,4.5,42.0,EDGE_THROUGH_DRILL,CANDIDATE_HARDWARE_UNQUALIFIED
CandidateFixedSupportScrew3L1-wall,SIDE_L,18,920,231.0,-1,0,0,2.5,13,INNER_FACE_BLIND_PILOT,HOLD_SCREW_AND_PLYWOOD_COUPON
CandidateFixedSupportScrew3L2-support,SHELF_SUPPORT_3L,60.0,990,231.0,-1,0,0,4.5,42.0,EDGE_THROUGH_DRILL,CANDIDATE_HARDWARE_UNQUALIFIED
CandidateFixedSupportScrew3L2-wall,SIDE_L,18,990,231.0,-1,0,0,2.5,13,INNER_FACE_BLIND_PILOT,HOLD_SCREW_AND_PLYWOOD_COUPON
CandidateFixedSupportScrew3R1-support,SHELF_SUPPORT_3R,540.0,920,231.0,1,0,0,4.5,42.0,EDGE_THROUGH_DRILL,CANDIDATE_HARDWARE_UNQUALIFIED
CandidateFixedSupportScrew3R1-wall,SIDE_R,582,920,231.0,1,0,0,2.5,13,INNER_FACE_BLIND_PILOT,HOLD_SCREW_AND_PLYWOOD_COUPON
CandidateFixedSupportScrew3R2-support,SHELF_SUPPORT_3R,540.0,990,231.0,1,0,0,4.5,42.0,EDGE_THROUGH_DRILL,CANDIDATE_HARDWARE_UNQUALIFIED
CandidateFixedSupportScrew3R2-wall,SIDE_R,582,990,231.0,1,0,0,2.5,13,INNER_FACE_BLIND_PILOT,HOLD_SCREW_AND_PLYWOOD_COUPON
LegFL1,SIDE_L+FRONT+CandidateLegBlockFL+CandidateLegPlateFL,0,0,96,0.7071067811865475,0.7071067811865475,0,11,120,45_DEG_CORNER_BORE_SHOP_FIXTURE,HOLD_LEG_BRACKET_PITCH_AND_HEIGHT
LegFL2,SIDE_L+FRONT+CandidateLegBlockFL+CandidateLegPlateFL,0,0,154,0.7071067811865475,0.7071067811865475,0,11,120,45_DEG_CORNER_BORE_SHOP_FIXTURE,HOLD_LEG_BRACKET_PITCH_AND_HEIGHT
LegFR1,SIDE_R+FRONT+CandidateLegBlockFR+CandidateLegPlateFR,600,0,96,-0.7071067811865475,0.7071067811865475,0,11,120,45_DEG_CORNER_BORE_SHOP_FIXTURE,HOLD_LEG_BRACKET_PITCH_AND_HEIGHT
LegFR2,SIDE_R+FRONT+CandidateLegBlockFR+CandidateLegPlateFR,600,0,154,-0.7071067811865475,0.7071067811865475,0,11,120,45_DEG_CORNER_BORE_SHOP_FIXTURE,HOLD_LEG_BRACKET_PITCH_AND_HEIGHT
LegRL1,SIDE_L+REAR+CandidateLegBlockRL+CandidateLegPlateRL,0,1308.1,64,0.7071067811865475,-0.7071067811865475,0,11,120,45_DEG_CORNER_BORE_SHOP_FIXTURE,HOLD_LEG_BRACKET_PITCH_AND_HEIGHT
LegRL2,SIDE_L+REAR+CandidateLegBlockRL+CandidateLegPlateRL,0,1308.1,122,0.7071067811865475,-0.7071067811865475,0,11,120,45_DEG_CORNER_BORE_SHOP_FIXTURE,HOLD_LEG_BRACKET_PITCH_AND_HEIGHT
LegRR1,SIDE_R+REAR+CandidateLegBlockRR+CandidateLegPlateRR,600,1308.1,64,-0.7071067811865475,-0.7071067811865475,0,11,120,45_DEG_CORNER_BORE_SHOP_FIXTURE,HOLD_LEG_BRACKET_PITCH_AND_HEIGHT
LegRR2,SIDE_R+REAR+CandidateLegBlockRR+CandidateLegPlateRR,600,1308.1,122,-0.7071067811865475,-0.7071067811865475,0,11,120,45_DEG_CORNER_BORE_SHOP_FIXTURE,HOLD_LEG_BRACKET_PITCH_AND_HEIGHT
SimpleShelfBolt1L1-shelf,SHELF_1,48,145,172.0,0,0,-1,5.5,12.0,TOP_CLEARANCE_THROUGH,HOLD_SELECTED_TOP_FASTENER_AND_INSERT
SimpleShelfBolt1L1-receiver,SHELF_SUPPORT_1L,48,145,160.0,0,0,-1,8.5,10.5,TOP_RECEIVER_PLACEHOLDER_NOT_PILOT_SPEC,HOLD_SELECTED_TOP_FASTENER_AND_INSERT
SimpleShelfBolt1L1-tip,SHELF_SUPPORT_1L,48,145,160.0,0,0,-1,5.5,12.5,TOP_TIP_RELIEF_PLACEHOLDER,HOLD_SELECTED_TOP_FASTENER_AND_INSERT
SimpleShelfBolt1L2-shelf,SHELF_1,48,220,172.0,0,0,-1,5.5,12.0,TOP_CLEARANCE_THROUGH,HOLD_SELECTED_TOP_FASTENER_AND_INSERT
SimpleShelfBolt1L2-receiver,SHELF_SUPPORT_1L,48,220,160.0,0,0,-1,8.5,10.5,TOP_RECEIVER_PLACEHOLDER_NOT_PILOT_SPEC,HOLD_SELECTED_TOP_FASTENER_AND_INSERT
SimpleShelfBolt1L2-tip,SHELF_SUPPORT_1L,48,220,160.0,0,0,-1,5.5,12.5,TOP_TIP_RELIEF_PLACEHOLDER,HOLD_SELECTED_TOP_FASTENER_AND_INSERT
SimpleShelfBolt1R1-shelf,SHELF_1,552,145,172.0,0,0,-1,5.5,12.0,TOP_CLEARANCE_THROUGH,HOLD_SELECTED_TOP_FASTENER_AND_INSERT
SimpleShelfBolt1R1-receiver,SHELF_SUPPORT_1R,552,145,160.0,0,0,-1,8.5,10.5,TOP_RECEIVER_PLACEHOLDER_NOT_PILOT_SPEC,HOLD_SELECTED_TOP_FASTENER_AND_INSERT
SimpleShelfBolt1R1-tip,SHELF_SUPPORT_1R,552,145,160.0,0,0,-1,5.5,12.5,TOP_TIP_RELIEF_PLACEHOLDER,HOLD_SELECTED_TOP_FASTENER_AND_INSERT
SimpleShelfBolt1R2-shelf,SHELF_1,552,220,172.0,0,0,-1,5.5,12.0,TOP_CLEARANCE_THROUGH,HOLD_SELECTED_TOP_FASTENER_AND_INSERT
SimpleShelfBolt1R2-receiver,SHELF_SUPPORT_1R,552,220,160.0,0,0,-1,8.5,10.5,TOP_RECEIVER_PLACEHOLDER_NOT_PILOT_SPEC,HOLD_SELECTED_TOP_FASTENER_AND_INSERT
SimpleShelfBolt1R2-tip,SHELF_SUPPORT_1R,552,220,160.0,0,0,-1,5.5,12.5,TOP_TIP_RELIEF_PLACEHOLDER,HOLD_SELECTED_TOP_FASTENER_AND_INSERT
SimpleShelfBolt2L1-shelf,SHELF_2,48,590,192.0,0,0,-1,5.5,12.0,TOP_CLEARANCE_THROUGH,HOLD_SELECTED_TOP_FASTENER_AND_INSERT
SimpleShelfBolt2L1-receiver,SHELF_SUPPORT_2L,48,590,180.0,0,0,-1,8.5,10.5,TOP_RECEIVER_PLACEHOLDER_NOT_PILOT_SPEC,HOLD_SELECTED_TOP_FASTENER_AND_INSERT
SimpleShelfBolt2L1-tip,SHELF_SUPPORT_2L,48,590,180.0,0,0,-1,5.5,12.5,TOP_TIP_RELIEF_PLACEHOLDER,HOLD_SELECTED_TOP_FASTENER_AND_INSERT
SimpleShelfBolt2L2-shelf,SHELF_2,48,665,192.0,0,0,-1,5.5,12.0,TOP_CLEARANCE_THROUGH,HOLD_SELECTED_TOP_FASTENER_AND_INSERT
SimpleShelfBolt2L2-receiver,SHELF_SUPPORT_2L,48,665,180.0,0,0,-1,8.5,10.5,TOP_RECEIVER_PLACEHOLDER_NOT_PILOT_SPEC,HOLD_SELECTED_TOP_FASTENER_AND_INSERT
SimpleShelfBolt2L2-tip,SHELF_SUPPORT_2L,48,665,180.0,0,0,-1,5.5,12.5,TOP_TIP_RELIEF_PLACEHOLDER,HOLD_SELECTED_TOP_FASTENER_AND_INSERT
SimpleShelfBolt2R1-shelf,SHELF_2,552,590,192.0,0,0,-1,5.5,12.0,TOP_CLEARANCE_THROUGH,HOLD_SELECTED_TOP_FASTENER_AND_INSERT
SimpleShelfBolt2R1-receiver,SHELF_SUPPORT_2R,552,590,180.0,0,0,-1,8.5,10.5,TOP_RECEIVER_PLACEHOLDER_NOT_PILOT_SPEC,HOLD_SELECTED_TOP_FASTENER_AND_INSERT
SimpleShelfBolt2R1-tip,SHELF_SUPPORT_2R,552,590,180.0,0,0,-1,5.5,12.5,TOP_TIP_RELIEF_PLACEHOLDER,HOLD_SELECTED_TOP_FASTENER_AND_INSERT
SimpleShelfBolt2R2-shelf,SHELF_2,552,665,192.0,0,0,-1,5.5,12.0,TOP_CLEARANCE_THROUGH,HOLD_SELECTED_TOP_FASTENER_AND_INSERT
SimpleShelfBolt2R2-receiver,SHELF_SUPPORT_2R,552,665,180.0,0,0,-1,8.5,10.5,TOP_RECEIVER_PLACEHOLDER_NOT_PILOT_SPEC,HOLD_SELECTED_TOP_FASTENER_AND_INSERT
SimpleShelfBolt2R2-tip,SHELF_SUPPORT_2R,552,665,180.0,0,0,-1,5.5,12.5,TOP_TIP_RELIEF_PLACEHOLDER,HOLD_SELECTED_TOP_FASTENER_AND_INSERT
SimpleShelfBolt3L1-shelf,SHELF_3,48,880,252.0,0,0,-1,5.5,12.0,TOP_CLEARANCE_THROUGH,HOLD_SELECTED_TOP_FASTENER_AND_INSERT
SimpleShelfBolt3L1-receiver,SHELF_SUPPORT_3L,48,880,240.0,0,0,-1,8.5,10.5,TOP_RECEIVER_PLACEHOLDER_NOT_PILOT_SPEC,HOLD_SELECTED_TOP_FASTENER_AND_INSERT
SimpleShelfBolt3L1-tip,SHELF_SUPPORT_3L,48,880,240.0,0,0,-1,5.5,12.5,TOP_TIP_RELIEF_PLACEHOLDER,HOLD_SELECTED_TOP_FASTENER_AND_INSERT
SimpleShelfBolt3L2-shelf,SHELF_3,48,940,252.0,0,0,-1,5.5,12.0,TOP_CLEARANCE_THROUGH,HOLD_SELECTED_TOP_FASTENER_AND_INSERT
SimpleShelfBolt3L2-receiver,SHELF_SUPPORT_3L,48,940,240.0,0,0,-1,8.5,10.5,TOP_RECEIVER_PLACEHOLDER_NOT_PILOT_SPEC,HOLD_SELECTED_TOP_FASTENER_AND_INSERT
SimpleShelfBolt3L2-tip,SHELF_SUPPORT_3L,48,940,240.0,0,0,-1,5.5,12.5,TOP_TIP_RELIEF_PLACEHOLDER,HOLD_SELECTED_TOP_FASTENER_AND_INSERT
SimpleShelfBolt3R1-shelf,SHELF_3,552,880,252.0,0,0,-1,5.5,12.0,TOP_CLEARANCE_THROUGH,HOLD_SELECTED_TOP_FASTENER_AND_INSERT
SimpleShelfBolt3R1-receiver,SHELF_SUPPORT_3R,552,880,240.0,0,0,-1,8.5,10.5,TOP_RECEIVER_PLACEHOLDER_NOT_PILOT_SPEC,HOLD_SELECTED_TOP_FASTENER_AND_INSERT
SimpleShelfBolt3R1-tip,SHELF_SUPPORT_3R,552,880,240.0,0,0,-1,5.5,12.5,TOP_TIP_RELIEF_PLACEHOLDER,HOLD_SELECTED_TOP_FASTENER_AND_INSERT
SimpleShelfBolt3R2-shelf,SHELF_3,552,940,252.0,0,0,-1,5.5,12.0,TOP_CLEARANCE_THROUGH,HOLD_SELECTED_TOP_FASTENER_AND_INSERT
SimpleShelfBolt3R2-receiver,SHELF_SUPPORT_3R,552,940,240.0,0,0,-1,8.5,10.5,TOP_RECEIVER_PLACEHOLDER_NOT_PILOT_SPEC,HOLD_SELECTED_TOP_FASTENER_AND_INSERT
SimpleShelfBolt3R2-tip,SHELF_SUPPORT_3R,552,940,240.0,0,0,-1,5.5,12.5,TOP_TIP_RELIEF_PLACEHOLDER,HOLD_SELECTED_TOP_FASTENER_AND_INSERT
