part_id,feature_id,feature_type,face,datum,x,y,diameter_or_width,depth,through,hardware_dependency,status,recipe,notes
CAB-SIDE-001L-R1,CF-0001,PROFILE,see part orientation,part-local lower-left on indicated machining face; CAD global axes retained in recipe,,,18.000 x 1308.100 x 596.900,t or laminated 2*t,true,,DEFINED_PARAMETRIC,detail_structure_v25:CabinetLeftSide,"Exact contour is saved detail solid, not bounding rectangle. Preview dimensions only; stock/tool/fit gate HF-001/002. Laminated 2*t records require two identified plies at nesting."
CAB-SIDE-001L-R1,CF-0002,ENGRAVING,see part orientation,part-local lower-left on indicated machining face; CAD global axes retained in recipe,safe_interior_label_zone.x,safe_interior_label_zone.y,,shop_confirmed_shallow_mark,false,,DEFINED_PARAMETRIC,CAB-SIDE-001L-R1; YZ; inside face; front arrow,Place clear of pockets/hardware zones at CAM; no final marking coordinates until nested orientation is fixed
CAB-SIDE-001L-R1,CF-0003,THROUGH_HOLE,see part orientation,part-local lower-left on indicated machining face; CAD global axes retained in recipe,,,,,false,HF-003,BLOCKED_MEASURE_HARDWARE,,"Pattern group, not one physical hole. Coordinates/diameter/depth intentionally blank. No builder transfer drilling. See measurement pack."
CAB-SIDE-001L-R1,CF-0004,THROUGH_HOLE,see part orientation,part-local lower-left on indicated machining face; CAD global axes retained in recipe,,,,,false,HF-004,BLOCKED_MEASURE_HARDWARE,,"Pattern group, not one physical hole. Coordinates/diameter/depth intentionally blank. No builder transfer drilling. See measurement pack."
CAB-SIDE-001L-R1,CF-0005,THROUGH_HOLE,see part orientation,part-local lower-left on indicated machining face; CAD global axes retained in recipe,,,,,false,HF-006,BLOCKED_MEASURE_HARDWARE,,"Pattern group, not one physical hole. Coordinates/diameter/depth intentionally blank. No builder transfer drilling. See measurement pack."
CAB-SIDE-001L-R1,CF-0006,THROUGH_HOLE,see part orientation,part-local lower-left on indicated machining face; CAD global axes retained in recipe,,,,,false,HF-008,BLOCKED_MEASURE_HARDWARE,,"Pattern group, not one physical hole. Coordinates/diameter/depth intentionally blank. No builder transfer drilling. See measurement pack."
CAB-SIDE-001L-R1,CF-0007,THROUGH_HOLE,see part orientation,part-local lower-left on indicated machining face; CAD global axes retained in recipe,,,,,false,HF-010,BLOCKED_MEASURE_HARDWARE,,"Pattern group, not one physical hole. Coordinates/diameter/depth intentionally blank. No builder transfer drilling. See measurement pack."
CAB-SIDE-001L-R1,CF-0008,THROUGH_HOLE,see part orientation,part-local lower-left on indicated machining face; CAD global axes retained in recipe,,,,,false,HF-020,BLOCKED_MEASURE_HARDWARE,,"Pattern group, not one physical hole. Coordinates/diameter/depth intentionally blank. No builder transfer drilling. See measurement pack."
CAB-SIDE-001L-R1,CF-0009,THROUGH_HOLE,see part orientation,part-local lower-left on indicated machining face; CAD global axes retained in recipe,,,,,false,HF-021,BLOCKED_MEASURE_HARDWARE,,"Pattern group, not one physical hole. Coordinates/diameter/depth intentionally blank. No builder transfer drilling. See measurement pack."
CAB-SIDE-001R-R1,CF-0010,PROFILE,see part orientation,part-local lower-left on indicated machining face; CAD global axes retained in recipe,,,18.000 x 1308.100 x 596.900,t or laminated 2*t,true,,DEFINED_PARAMETRIC,detail_structure_v25:CabinetRightSide,"Exact contour is saved detail solid, not bounding rectangle. Preview dimensions only; stock/tool/fit gate HF-001/002. Laminated 2*t records require two identified plies at nesting."
CAB-SIDE-001R-R1,CF-0011,ENGRAVING,see part orientation,part-local lower-left on indicated machining face; CAD global axes retained in recipe,safe_interior_label_zone.x,safe_interior_label_zone.y,,shop_confirmed_shallow_mark,false,,DEFINED_PARAMETRIC,CAB-SIDE-001R-R1; YZ; inside face; front arrow,Place clear of pockets/hardware zones at CAM; no final marking coordinates until nested orientation is fixed
CAB-SIDE-001R-R1,CF-0012,THROUGH_HOLE,see part orientation,part-local lower-left on indicated machining face; CAD global axes retained in recipe,,,,,false,HF-003,BLOCKED_MEASURE_HARDWARE,,"Pattern group, not one physical hole. Coordinates/diameter/depth intentionally blank. No builder transfer drilling. See measurement pack."
CAB-SIDE-001R-R1,CF-0013,THROUGH_HOLE,see part orientation,part-local lower-left on indicated machining face; CAD global axes retained in recipe,,,,,false,HF-004,BLOCKED_MEASURE_HARDWARE,,"Pattern group, not one physical hole. Coordinates/diameter/depth intentionally blank. No builder transfer drilling. See measurement pack."
CAB-SIDE-001R-R1,CF-0014,THROUGH_HOLE,see part orientation,part-local lower-left on indicated machining face; CAD global axes retained in recipe,,,,,false,HF-006,BLOCKED_MEASURE_HARDWARE,,"Pattern group, not one physical hole. Coordinates/diameter/depth intentionally blank. No builder transfer drilling. See measurement pack."
CAB-SIDE-001R-R1,CF-0015,THROUGH_HOLE,see part orientation,part-local lower-left on indicated machining face; CAD global axes retained in recipe,,,,,false,HF-008,BLOCKED_MEASURE_HARDWARE,,"Pattern group, not one physical hole. Coordinates/diameter/depth intentionally blank. No builder transfer drilling. See measurement pack."
CAB-SIDE-001R-R1,CF-0016,THROUGH_HOLE,see part orientation,part-local lower-left on indicated machining face; CAD global axes retained in recipe,,,,,false,HF-010,BLOCKED_MEASURE_HARDWARE,,"Pattern group, not one physical hole. Coordinates/diameter/depth intentionally blank. No builder transfer drilling. See measurement pack."
CAB-SIDE-001R-R1,CF-0017,THROUGH_HOLE,see part orientation,part-local lower-left on indicated machining face; CAD global axes retained in recipe,,,,,false,HF-020,BLOCKED_MEASURE_HARDWARE,,"Pattern group, not one physical hole. Coordinates/diameter/depth intentionally blank. No builder transfer drilling. See measurement pack."
CAB-SIDE-001R-R1,CF-0018,THROUGH_HOLE,see part orientation,part-local lower-left on indicated machining face; CAD global axes retained in recipe,,,,,false,HF-021,BLOCKED_MEASURE_HARDWARE,,"Pattern group, not one physical hole. Coordinates/diameter/depth intentionally blank. No builder transfer drilling. See measurement pack."
CAB-FRONT-001-R1,CF-0019,PROFILE,see part orientation,part-local lower-left on indicated machining face; CAD global axes retained in recipe,,,576.000 x 18.000 x 400.050,t or laminated 2*t,true,,DEFINED_PARAMETRIC,detail_structure_v25:CapturedFrontPanelV20,"Exact contour is saved detail solid, not bounding rectangle. Preview dimensions only; stock/tool/fit gate HF-001/002. Laminated 2*t records require two identified plies at nesting."
CAB-FRONT-001-R1,CF-0020,ENGRAVING,see part orientation,part-local lower-left on indicated machining face; CAD global axes retained in recipe,safe_interior_label_zone.x,safe_interior_label_zone.y,,shop_confirmed_shallow_mark,false,,DEFINED_PARAMETRIC,CAB-FRONT-001-R1; XZ; inside face; up arrow,Place clear of pockets/hardware zones at CAM; no final marking coordinates until nested orientation is fixed
CAB-FRONT-001-R1,CF-0021,THROUGH_HOLE,see part orientation,part-local lower-left on indicated machining face; CAD global axes retained in recipe,,,,,false,HF-003,BLOCKED_MEASURE_HARDWARE,,"Pattern group, not one physical hole. Coordinates/diameter/depth intentionally blank. No builder transfer drilling. See measurement pack."
CAB-FRONT-001-R1,CF-0022,THROUGH_HOLE,see part orientation,part-local lower-left on indicated machining face; CAD global axes retained in recipe,,,,,false,HF-004,BLOCKED_MEASURE_HARDWARE,,"Pattern group, not one physical hole. Coordinates/diameter/depth intentionally blank. No builder transfer drilling. See measurement pack."
CAB-FRONT-001-R1,CF-0023,POCKET,see part orientation,part-local lower-left on indicated machining face; CAD global axes retained in recipe,,,,,false,HF-019,BLOCKED_MEASURE_HARDWARE,,"Pattern group, not one physical hole. Coordinates/diameter/depth intentionally blank. No builder transfer drilling. See measurement pack."
CAB-FRONT-001-R1,CF-0024,THROUGH_HOLE,see part orientation,part-local lower-left on indicated machining face; CAD global axes retained in recipe,,,,,false,HF-020,BLOCKED_MEASURE_HARDWARE,,"Pattern group, not one physical hole. Coordinates/diameter/depth intentionally blank. No builder transfer drilling. See measurement pack."
CAB-FRONT-001-R1,CF-0025,THROUGH_HOLE,see part orientation,part-local lower-left on indicated machining face; CAD global axes retained in recipe,,,,,false,HF-022,BLOCKED_MEASURE_HARDWARE,,"Pattern group, not one physical hole. Coordinates/diameter/depth intentionally blank. No builder transfer drilling. See measurement pack."
CAB-FRONT-001-R1,CF-0026,THROUGH_HOLE,see part orientation,part-local lower-left on indicated machining face; CAD global axes retained in recipe,,,,,false,HF-030,BLOCKED_MEASURE_HARDWARE,,"Pattern group, not one physical hole. Coordinates/diameter/depth intentionally blank. No builder transfer drilling. See measurement pack."
CAB-REAR-001-R3,CF-0027,PROFILE,see part orientation,part-local lower-left on indicated machining face; CAD global axes retained in recipe,,,576.000 x 18.000 x 596.900,t or laminated 2*t,true,,DEFINED_PARAMETRIC,detail_structure_v25:RearPanelWithCPUHatchV24,"Exact contour is saved detail solid, not bounding rectangle. Preview dimensions only; stock/tool/fit gate HF-001/002. Laminated 2*t records require two identified plies at nesting."
CAB-REAR-001-R3,CF-0028,ENGRAVING,see part orientation,part-local lower-left on indicated machining face; CAD global axes retained in recipe,safe_interior_label_zone.x,safe_interior_label_zone.y,,shop_confirmed_shallow_mark,false,,DEFINED_PARAMETRIC,CAB-REAR-001-R3; XZ; inside face; up arrow,Place clear of pockets/hardware zones at CAM; no final marking coordinates until nested orientation is fixed
CAB-REAR-001-R3,CF-0029,THROUGH_HOLE,see part orientation,part-local lower-left on indicated machining face; CAD global axes retained in recipe,,,,,false,HF-003,BLOCKED_MEASURE_HARDWARE,,"Pattern group, not one physical hole. Coordinates/diameter/depth intentionally blank. No builder transfer drilling. See measurement pack."
CAB-REAR-001-R3,CF-0030,THROUGH_HOLE,see part orientation,part-local lower-left on indicated machining face; CAD global axes retained in recipe,,,,,false,HF-004,BLOCKED_MEASURE_HARDWARE,,"Pattern group, not one physical hole. Coordinates/diameter/depth intentionally blank. No builder transfer drilling. See measurement pack."
CAB-REAR-001-R3,CF-0031,THROUGH_HOLE,see part orientation,part-local lower-left on indicated machining face; CAD global axes retained in recipe,,,,,false,HF-015,BLOCKED_MEASURE_HARDWARE,,"Pattern group, not one physical hole. Coordinates/diameter/depth intentionally blank. No builder transfer drilling. See measurement pack."
CAB-REAR-001-R3,CF-0032,THROUGH_HOLE,see part orientation,part-local lower-left on indicated machining face; CAD global axes retained in recipe,,,,,false,HF-016,BLOCKED_MEASURE_HARDWARE,,"Pattern group, not one physical hole. Coordinates/diameter/depth intentionally blank. No builder transfer drilling. See measurement pack."
CAB-REAR-001-R3,CF-0033,THROUGH_HOLE,see part orientation,part-local lower-left on indicated machining face; CAD global axes retained in recipe,,,,,false,HF-017,BLOCKED_MEASURE_HARDWARE,,"Pattern group, not one physical hole. Coordinates/diameter/depth intentionally blank. No builder transfer drilling. See measurement pack."
CAB-REAR-001-R3,CF-0034,THROUGH_HOLE,see part orientation,part-local lower-left on indicated machining face; CAD global axes retained in recipe,,,,,false,HF-027,BLOCKED_MEASURE_HARDWARE,,"Pattern group, not one physical hole. Coordinates/diameter/depth intentionally blank. No builder transfer drilling. See measurement pack."
CAB-BOTTOM-001-R1,CF-0035,PROFILE,see part orientation,part-local lower-left on indicated machining face; CAD global axes retained in recipe,,,576.000 x 1284.100 x 18.000,t or laminated 2*t,true,,DEFINED_PARAMETRIC,detail_structure_v25:CapturedBottomV20,"Exact contour is saved detail solid, not bounding rectangle. Preview dimensions only; stock/tool/fit gate HF-001/002. Laminated 2*t records require two identified plies at nesting."
CAB-BOTTOM-001-R1,CF-0036,ENGRAVING,see part orientation,part-local lower-left on indicated machining face; CAD global axes retained in recipe,safe_interior_label_zone.x,safe_interior_label_zone.y,,shop_confirmed_shallow_mark,false,,DEFINED_PARAMETRIC,CAB-BOTTOM-001-R1; XY; inside up; front arrow,Place clear of pockets/hardware zones at CAM; no final marking coordinates until nested orientation is fixed
CAB-BOTTOM-001-R1,CF-0037,THROUGH_HOLE,see part orientation,part-local lower-left on indicated machining face; CAD global axes retained in recipe,,,,,false,HF-026,BLOCKED_MEASURE_HARDWARE,,"Pattern group, not one physical hole. Coordinates/diameter/depth intentionally blank. No builder transfer drilling. See measurement pack."
CAB-XMEM-010-R1,CF-0038,PROFILE,see part orientation,part-local lower-left on indicated machining face; CAD global axes retained in recipe,,,576.000 x 18.000 x 80.000,t or laminated 2*t,true,,DEFINED_PARAMETRIC,detail_structure_v25:LowCrossmember1V20,"Exact contour is saved detail solid, not bounding rectangle. Preview dimensions only; stock/tool/fit gate HF-001/002. Laminated 2*t records require two identified plies at nesting."
CAB-XMEM-010-R1,CF-0039,ENGRAVING,see part orientation,part-local lower-left on indicated machining face; CAD global axes retained in recipe,safe_interior_label_zone.x,safe_interior_label_zone.y,,shop_confirmed_shallow_mark,false,,DEFINED_PARAMETRIC,CAB-XMEM-010-R1; XZ; front arrow,Place clear of pockets/hardware zones at CAM; no final marking coordinates until nested orientation is fixed
CAB-XMEM-011-R1,CF-0040,PROFILE,see part orientation,part-local lower-left on indicated machining face; CAD global axes retained in recipe,,,576.000 x 18.000 x 80.000,t or laminated 2*t,true,,DEFINED_PARAMETRIC,detail_structure_v25:LowCrossmember2V20,"Exact contour is saved detail solid, not bounding rectangle. Preview dimensions only; stock/tool/fit gate HF-001/002. Laminated 2*t records require two identified plies at nesting."
CAB-XMEM-011-R1,CF-0041,ENGRAVING,see part orientation,part-local lower-left on indicated machining face; CAD global axes retained in recipe,safe_interior_label_zone.x,safe_interior_label_zone.y,,shop_confirmed_shallow_mark,false,,DEFINED_PARAMETRIC,CAB-XMEM-011-R1; XZ; front arrow,Place clear of pockets/hardware zones at CAM; no final marking coordinates until nested orientation is fixed
CAB-XMEM-012-R1,CF-0042,PROFILE,see part orientation,part-local lower-left on indicated machining face; CAD global axes retained in recipe,,,576.000 x 18.000 x 80.000,t or laminated 2*t,true,,DEFINED_PARAMETRIC,detail_structure_v25:LowCrossmember3V20,"Exact contour is saved detail solid, not bounding rectangle. Preview dimensions only; stock/tool/fit gate HF-001/002. Laminated 2*t records require two identified plies at nesting."
CAB-XMEM-012-R1,CF-0043,ENGRAVING,see part orientation,part-local lower-left on indicated machining face; CAD global axes retained in recipe,safe_interior_label_zone.x,safe_interior_label_zone.y,,shop_confirmed_shallow_mark,false,,DEFINED_PARAMETRIC,CAB-XMEM-012-R1; XZ; front arrow,Place clear of pockets/hardware zones at CAM; no final marking coordinates until nested orientation is fixed
CAB-REAR-SHELF-001-R1,CF-0044,PROFILE,see part orientation,part-local lower-left on indicated machining face; CAD global axes retained in recipe,,,564.000 x 180.975 x 18.000,t or laminated 2*t,true,,DEFINED_PARAMETRIC,detail_structure_v25:RearShelfV14,"Exact contour is saved detail solid, not bounding rectangle. Preview dimensions only; stock/tool/fit gate HF-001/002. Laminated 2*t records require two identified plies at nesting."
CAB-REAR-SHELF-001-R1,CF-0045,ENGRAVING,see part orientation,part-local lower-left on indicated machining face; CAD global axes retained in recipe,safe_interior_label_zone.x,safe_interior_label_zone.y,,shop_confirmed_shallow_mark,false,,DEFINED_PARAMETRIC,CAB-REAR-SHELF-001-R1; XY; top; rear arrow,Place clear of pockets/hardware zones at CAM; no final marking coordinates until nested orientation is fixed
CAB-REAR-SHELF-001-R1,CF-0046,THROUGH_HOLE,see part orientation,part-local lower-left on indicated machining face; CAD global axes retained in recipe,,,,,false,HF-007,BLOCKED_MEASURE_HARDWARE,,"Pattern group, not one physical hole. Coordinates/diameter/depth intentionally blank. No builder transfer drilling. See measurement pack."
BB-FLOOR-001-R1,CF-0047,PROFILE,see part orientation,part-local lower-left on indicated machining face; CAD global axes retained in recipe,,,780.000 x 254.000 x 18.000,t or laminated 2*t,true,,DEFINED_PARAMETRIC,detail_structure_v25:BackboxFloorV14,"Exact contour is saved detail solid, not bounding rectangle. Preview dimensions only; stock/tool/fit gate HF-001/002. Laminated 2*t records require two identified plies at nesting."
BB-FLOOR-001-R1,CF-0048,ENGRAVING,see part orientation,part-local lower-left on indicated machining face; CAD global axes retained in recipe,safe_interior_label_zone.x,safe_interior_label_zone.y,,shop_confirmed_shallow_mark,false,,DEFINED_PARAMETRIC,BB-FLOOR-001-R1; XY; inside face,Place clear of pockets/hardware zones at CAM; no final marking coordinates until nested orientation is fixed
BB-FLOOR-001-R1,CF-0049,THROUGH_HOLE,see part orientation,part-local lower-left on indicated machining face; CAD global axes retained in recipe,,,,,false,HF-006,BLOCKED_MEASURE_HARDWARE,,"Pattern group, not one physical hole. Coordinates/diameter/depth intentionally blank. No builder transfer drilling. See measurement pack."
BB-FLOOR-001-R1,CF-0050,THROUGH_HOLE,see part orientation,part-local lower-left on indicated machining face; CAD global axes retained in recipe,,,,,false,HF-007,BLOCKED_MEASURE_HARDWARE,,"Pattern group, not one physical hole. Coordinates/diameter/depth intentionally blank. No builder transfer drilling. See measurement pack."
BB-TOP-001-R1,CF-0051,PROFILE,see part orientation,part-local lower-left on indicated machining face; CAD global axes retained in recipe,,,780.000 x 254.000 x 18.000,t or laminated 2*t,true,,DEFINED_PARAMETRIC,detail_structure_v25:BackboxTopV14,"Exact contour is saved detail solid, not bounding rectangle. Preview dimensions only; stock/tool/fit gate HF-001/002. Laminated 2*t records require two identified plies at nesting."
BB-TOP-001-R1,CF-0052,ENGRAVING,see part orientation,part-local lower-left on indicated machining face; CAD global axes retained in recipe,safe_interior_label_zone.x,safe_interior_label_zone.y,,shop_confirmed_shallow_mark,false,,DEFINED_PARAMETRIC,BB-TOP-001-R1; XY; inside face,Place clear of pockets/hardware zones at CAM; no final marking coordinates until nested orientation is fixed
BB-SIDE-001L-R1,CF-0053,PROFILE,see part orientation,part-local lower-left on indicated machining face; CAD global axes retained in recipe,,,18.000 x 254.000 x 723.900,t or laminated 2*t,true,,DEFINED_PARAMETRIC,detail_structure_v25:BackboxLeftSideV14,"Exact contour is saved detail solid, not bounding rectangle. Preview dimensions only; stock/tool/fit gate HF-001/002. Laminated 2*t records require two identified plies at nesting."
BB-SIDE-001L-R1,CF-0054,ENGRAVING,see part orientation,part-local lower-left on indicated machining face; CAD global axes retained in recipe,safe_interior_label_zone.x,safe_interior_label_zone.y,,shop_confirmed_shallow_mark,false,,DEFINED_PARAMETRIC,BB-SIDE-001L-R1; YZ; inside face,Place clear of pockets/hardware zones at CAM; no final marking coordinates until nested orientation is fixed
BB-SIDE-001L-R1,CF-0055,THROUGH_HOLE,see part orientation,part-local lower-left on indicated machining face; CAD global axes retained in recipe,,,,,false,HF-006,BLOCKED_MEASURE_HARDWARE,,"Pattern group, not one physical hole. Coordinates/diameter/depth intentionally blank. No builder transfer drilling. See measurement pack."
BB-SIDE-001R-R1,CF-0056,PROFILE,see part orientation,part-local lower-left on indicated machining face; CAD global axes retained in recipe,,,18.000 x 254.000 x 723.900,t or laminated 2*t,true,,DEFINED_PARAMETRIC,detail_structure_v25:BackboxRightSideV14,"Exact contour is saved detail solid, not bounding rectangle. Preview dimensions only; stock/tool/fit gate HF-001/002. Laminated 2*t records require two identified plies at nesting."
BB-SIDE-001R-R1,CF-0057,ENGRAVING,see part orientation,part-local lower-left on indicated machining face; CAD global axes retained in recipe,safe_interior_label_zone.x,safe_interior_label_zone.y,,shop_confirmed_shallow_mark,false,,DEFINED_PARAMETRIC,BB-SIDE-001R-R1; YZ; inside face,Place clear of pockets/hardware zones at CAM; no final marking coordinates until nested orientation is fixed
BB-SIDE-001R-R1,CF-0058,THROUGH_HOLE,see part orientation,part-local lower-left on indicated machining face; CAD global axes retained in recipe,,,,,false,HF-006,BLOCKED_MEASURE_HARDWARE,,"Pattern group, not one physical hole. Coordinates/diameter/depth intentionally blank. No builder transfer drilling. See measurement pack."
BB-REAR-FRAME-L-R1,CF-0059,PROFILE,see part orientation,part-local lower-left on indicated machining face; CAD global axes retained in recipe,,,130.000 x 18.000 x 723.900,t or laminated 2*t,true,,DEFINED_PARAMETRIC,detail_structure_v25:BackboxRearFrameLeftV14,"Exact contour is saved detail solid, not bounding rectangle. Preview dimensions only; stock/tool/fit gate HF-001/002. Laminated 2*t records require two identified plies at nesting."
BB-REAR-FRAME-L-R1,CF-0060,ENGRAVING,see part orientation,part-local lower-left on indicated machining face; CAD global axes retained in recipe,safe_interior_label_zone.x,safe_interior_label_zone.y,,shop_confirmed_shallow_mark,false,,DEFINED_PARAMETRIC,BB-REAR-FRAME-L-R1; XZ; inside face,Place clear of pockets/hardware zones at CAM; no final marking coordinates until nested orientation is fixed
BB-REAR-FRAME-L-R1,CF-0061,THROUGH_HOLE,see part orientation,part-local lower-left on indicated machining face; CAD global axes retained in recipe,,,,,false,HF-029,BLOCKED_MEASURE_HARDWARE,,"Pattern group, not one physical hole. Coordinates/diameter/depth intentionally blank. No builder transfer drilling. See measurement pack."
BB-REAR-FRAME-R-R1,CF-0062,PROFILE,see part orientation,part-local lower-left on indicated machining face; CAD global axes retained in recipe,,,130.000 x 18.000 x 723.900,t or laminated 2*t,true,,DEFINED_PARAMETRIC,detail_structure_v25:BackboxRearFrameRightV14,"Exact contour is saved detail solid, not bounding rectangle. Preview dimensions only; stock/tool/fit gate HF-001/002. Laminated 2*t records require two identified plies at nesting."
BB-REAR-FRAME-R-R1,CF-0063,ENGRAVING,see part orientation,part-local lower-left on indicated machining face; CAD global axes retained in recipe,safe_interior_label_zone.x,safe_interior_label_zone.y,,shop_confirmed_shallow_mark,false,,DEFINED_PARAMETRIC,BB-REAR-FRAME-R-R1; XZ; inside face,Place clear of pockets/hardware zones at CAM; no final marking coordinates until nested orientation is fixed
BB-REAR-FRAME-R-R1,CF-0064,THROUGH_HOLE,see part orientation,part-local lower-left on indicated machining face; CAD global axes retained in recipe,,,,,false,HF-029,BLOCKED_MEASURE_HARDWARE,,"Pattern group, not one physical hole. Coordinates/diameter/depth intentionally blank. No builder transfer drilling. See measurement pack."
BB-REAR-FRAME-B-R1,CF-0065,PROFILE,see part orientation,part-local lower-left on indicated machining face; CAD global axes retained in recipe,,,520.000 x 18.000 x 53.100,t or laminated 2*t,true,,DEFINED_PARAMETRIC,detail_structure_v25:BackboxRearFrameBottomV14,"Exact contour is saved detail solid, not bounding rectangle. Preview dimensions only; stock/tool/fit gate HF-001/002. Laminated 2*t records require two identified plies at nesting."
BB-REAR-FRAME-B-R1,CF-0066,ENGRAVING,see part orientation,part-local lower-left on indicated machining face; CAD global axes retained in recipe,safe_interior_label_zone.x,safe_interior_label_zone.y,,shop_confirmed_shallow_mark,false,,DEFINED_PARAMETRIC,BB-REAR-FRAME-B-R1; XZ; inside face,Place clear of pockets/hardware zones at CAM; no final marking coordinates until nested orientation is fixed
BB-REAR-FRAME-B-R1,CF-0067,THROUGH_HOLE,see part orientation,part-local lower-left on indicated machining face; CAD global axes retained in recipe,,,,,false,HF-029,BLOCKED_MEASURE_HARDWARE,,"Pattern group, not one physical hole. Coordinates/diameter/depth intentionally blank. No builder transfer drilling. See measurement pack."
BB-REAR-FRAME-T-R1,CF-0068,PROFILE,see part orientation,part-local lower-left on indicated machining face; CAD global axes retained in recipe,,,520.000 x 18.000 x 210.800,t or laminated 2*t,true,,DEFINED_PARAMETRIC,detail_structure_v25:BackboxRearFrameTopV14,"Exact contour is saved detail solid, not bounding rectangle. Preview dimensions only; stock/tool/fit gate HF-001/002. Laminated 2*t records require two identified plies at nesting."
BB-REAR-FRAME-T-R1,CF-0069,ENGRAVING,see part orientation,part-local lower-left on indicated machining face; CAD global axes retained in recipe,safe_interior_label_zone.x,safe_interior_label_zone.y,,shop_confirmed_shallow_mark,false,,DEFINED_PARAMETRIC,BB-REAR-FRAME-T-R1; XZ; inside face,Place clear of pockets/hardware zones at CAM; no final marking coordinates until nested orientation is fixed
BB-REAR-FRAME-T-R1,CF-0070,THROUGH_HOLE,see part orientation,part-local lower-left on indicated machining face; CAD global axes retained in recipe,,,,,false,HF-029,BLOCKED_MEASURE_HARDWARE,,"Pattern group, not one physical hole. Coordinates/diameter/depth intentionally blank. No builder transfer drilling. See measurement pack."
BB-DOOR-001-R1,CF-0071,PROFILE,see part orientation,part-local lower-left on indicated machining face; CAD global axes retained in recipe,,,520.000 x 15.000 x 460.000,t_door,true,,DEFINED_PARAMETRIC,detail_structure_v25:BackboxServiceDoorV14,"Exact contour is saved detail solid, not bounding rectangle. Preview dimensions only; stock/tool/fit gate HF-001/002. Laminated 2*t records require two identified plies at nesting."
BB-DOOR-001-R1,CF-0072,ENGRAVING,see part orientation,part-local lower-left on indicated machining face; CAD global axes retained in recipe,safe_interior_label_zone.x,safe_interior_label_zone.y,,shop_confirmed_shallow_mark,false,,DEFINED_PARAMETRIC,BB-DOOR-001-R1; XZ; inside face; up arrow,Place clear of pockets/hardware zones at CAM; no final marking coordinates until nested orientation is fixed
BB-DOOR-001-R1,CF-0073,THROUGH_HOLE,see part orientation,part-local lower-left on indicated machining face; CAD global axes retained in recipe,,,,,false,HF-029,BLOCKED_MEASURE_HARDWARE,,"Pattern group, not one physical hole. Coordinates/diameter/depth intentionally blank. No builder transfer drilling. See measurement pack."
WOOD-CRADLESIDERAILLEFT-R1,CF-0074,PROFILE,see part orientation,part-local lower-left on indicated machining face; CAD global axes retained in recipe,,,18.000 x 950.000 x 70.000,t or laminated 2*t,true,,DEFINED_PARAMETRIC,detail_structure_v25:CradleSideRailLeftV18,"Exact contour is saved detail solid, not bounding rectangle. Preview dimensions only; stock/tool/fit gate HF-001/002. Laminated 2*t records require two identified plies at nesting."
WOOD-CRADLESIDERAILLEFT-R1,CF-0075,ENGRAVING,see part orientation,part-local lower-left on indicated machining face; CAD global axes retained in recipe,safe_interior_label_zone.x,safe_interior_label_zone.y,,shop_confirmed_shallow_mark,false,,DEFINED_PARAMETRIC,WOOD-CRADLESIDERAILLEFT-R1; playfield local YZ; front arrow,Place clear of pockets/hardware zones at CAM; no final marking coordinates until nested orientation is fixed
WOOD-CRADLESIDERAILLEFT-R1,CF-0076,THROUGH_HOLE,see part orientation,part-local lower-left on indicated machining face; CAD global axes retained in recipe,,,,,false,HF-010,BLOCKED_MEASURE_HARDWARE,,"Pattern group, not one physical hole. Coordinates/diameter/depth intentionally blank. No builder transfer drilling. See measurement pack."
WOOD-CRADLESIDERAILLEFT-R1,CF-0077,THROUGH_HOLE,see part orientation,part-local lower-left on indicated machining face; CAD global axes retained in recipe,,,,,false,HF-012,BLOCKED_MEASURE_HARDWARE,,"Pattern group, not one physical hole. Coordinates/diameter/depth intentionally blank. No builder transfer drilling. See measurement pack."
WOOD-CRADLESIDERAILRIGHT-R1,CF-0078,PROFILE,see part orientation,part-local lower-left on indicated machining face; CAD global axes retained in recipe,,,18.000 x 950.000 x 70.000,t or laminated 2*t,true,,DEFINED_PARAMETRIC,detail_structure_v25:CradleSideRailRightV18,"Exact contour is saved detail solid, not bounding rectangle. Preview dimensions only; stock/tool/fit gate HF-001/002. Laminated 2*t records require two identified plies at nesting."
WOOD-CRADLESIDERAILRIGHT-R1,CF-0079,ENGRAVING,see part orientation,part-local lower-left on indicated machining face; CAD global axes retained in recipe,safe_interior_label_zone.x,safe_interior_label_zone.y,,shop_confirmed_shallow_mark,false,,DEFINED_PARAMETRIC,WOOD-CRADLESIDERAILRIGHT-R1; playfield local YZ; front arrow,Place clear of pockets/hardware zones at CAM; no final marking coordinates until nested orientation is fixed
WOOD-CRADLESIDERAILRIGHT-R1,CF-0080,THROUGH_HOLE,see part orientation,part-local lower-left on indicated machining face; CAD global axes retained in recipe,,,,,false,HF-010,BLOCKED_MEASURE_HARDWARE,,"Pattern group, not one physical hole. Coordinates/diameter/depth intentionally blank. No builder transfer drilling. See measurement pack."
WOOD-CRADLESIDERAILRIGHT-R1,CF-0081,THROUGH_HOLE,see part orientation,part-local lower-left on indicated machining face; CAD global axes retained in recipe,,,,,false,HF-012,BLOCKED_MEASURE_HARDWARE,,"Pattern group, not one physical hole. Coordinates/diameter/depth intentionally blank. No builder transfer drilling. See measurement pack."
WOOD-CRADLECROSSMEMBER1-R1,CF-0082,PROFILE,see part orientation,part-local lower-left on indicated machining face; CAD global axes retained in recipe,,,520.000 x 60.000 x 18.000,t or laminated 2*t,true,,DEFINED_PARAMETRIC,detail_structure_v25:CradleCrossmember1V18,"Exact contour is saved detail solid, not bounding rectangle. Preview dimensions only; stock/tool/fit gate HF-001/002. Laminated 2*t records require two identified plies at nesting."
WOOD-CRADLECROSSMEMBER1-R1,CF-0083,ENGRAVING,see part orientation,part-local lower-left on indicated machining face; CAD global axes retained in recipe,safe_interior_label_zone.x,safe_interior_label_zone.y,,shop_confirmed_shallow_mark,false,,DEFINED_PARAMETRIC,WOOD-CRADLECROSSMEMBER1-R1; playfield local XY; front arrow,Place clear of pockets/hardware zones at CAM; no final marking coordinates until nested orientation is fixed
WOOD-CRADLECROSSMEMBER2-R1,CF-0084,PROFILE,see part orientation,part-local lower-left on indicated machining face; CAD global axes retained in recipe,,,520.000 x 60.000 x 18.000,t or laminated 2*t,true,,DEFINED_PARAMETRIC,detail_structure_v25:CradleCrossmember2V18,"Exact contour is saved detail solid, not bounding rectangle. Preview dimensions only; stock/tool/fit gate HF-001/002. Laminated 2*t records require two identified plies at nesting."
WOOD-CRADLECROSSMEMBER2-R1,CF-0085,ENGRAVING,see part orientation,part-local lower-left on indicated machining face; CAD global axes retained in recipe,safe_interior_label_zone.x,safe_interior_label_zone.y,,shop_confirmed_shallow_mark,false,,DEFINED_PARAMETRIC,WOOD-CRADLECROSSMEMBER2-R1; playfield local XY; front arrow,Place clear of pockets/hardware zones at CAM; no final marking coordinates until nested orientation is fixed
WOOD-CRADLECROSSMEMBER3-R1,CF-0086,PROFILE,see part orientation,part-local lower-left on indicated machining face; CAD global axes retained in recipe,,,520.000 x 60.000 x 18.000,t or laminated 2*t,true,,DEFINED_PARAMETRIC,detail_structure_v25:CradleCrossmember3V18,"Exact contour is saved detail solid, not bounding rectangle. Preview dimensions only; stock/tool/fit gate HF-001/002. Laminated 2*t records require two identified plies at nesting."
WOOD-CRADLECROSSMEMBER3-R1,CF-0087,ENGRAVING,see part orientation,part-local lower-left on indicated machining face; CAD global axes retained in recipe,safe_interior_label_zone.x,safe_interior_label_zone.y,,shop_confirmed_shallow_mark,false,,DEFINED_PARAMETRIC,WOOD-CRADLECROSSMEMBER3-R1; playfield local XY; front arrow,Place clear of pockets/hardware zones at CAM; no final marking coordinates until nested orientation is fixed
WOOD-CRADLEPIVOTDOUBLERLEFT-R1,CF-0088,PROFILE,see part orientation,part-local lower-left on indicated machining face; CAD global axes retained in recipe,,,36.000 x 160.000 x 80.000,t or laminated 2*t,true,,DEFINED_PARAMETRIC,detail_structure_v25:CradlePivotDoublerLeftV18,"Exact contour is saved detail solid, not bounding rectangle. Preview dimensions only; stock/tool/fit gate HF-001/002. Laminated 2*t records require two identified plies at nesting."
WOOD-CRADLEPIVOTDOUBLERLEFT-R1,CF-0089,ENGRAVING,see part orientation,part-local lower-left on indicated machining face; CAD global axes retained in recipe,safe_interior_label_zone.x,safe_interior_label_zone.y,,shop_confirmed_shallow_mark,false,,DEFINED_PARAMETRIC,WOOD-CRADLEPIVOTDOUBLERLEFT-R1; playfield local axes; rear arrow,Place clear of pockets/hardware zones at CAM; no final marking coordinates until nested orientation is fixed
WOOD-CRADLEPIVOTDOUBLERLEFT-R1,CF-0090,THROUGH_HOLE,see part orientation,part-local lower-left on indicated machining face; CAD global axes retained in recipe,,,,,false,HF-009,BLOCKED_MEASURE_HARDWARE,,"Pattern group, not one physical hole. Coordinates/diameter/depth intentionally blank. No builder transfer drilling. See measurement pack."
WOOD-CRADLEPIVOTDOUBLERRIGHT-R1,CF-0091,PROFILE,see part orientation,part-local lower-left on indicated machining face; CAD global axes retained in recipe,,,36.000 x 160.000 x 80.000,t or laminated 2*t,true,,DEFINED_PARAMETRIC,detail_structure_v25:CradlePivotDoublerRightV18,"Exact contour is saved detail solid, not bounding rectangle. Preview dimensions only; stock/tool/fit gate HF-001/002. Laminated 2*t records require two identified plies at nesting."
WOOD-CRADLEPIVOTDOUBLERRIGHT-R1,CF-0092,ENGRAVING,see part orientation,part-local lower-left on indicated machining face; CAD global axes retained in recipe,safe_interior_label_zone.x,safe_interior_label_zone.y,,shop_confirmed_shallow_mark,false,,DEFINED_PARAMETRIC,WOOD-CRADLEPIVOTDOUBLERRIGHT-R1; playfield local axes; rear arrow,Place clear of pockets/hardware zones at CAM; no final marking coordinates until nested orientation is fixed
WOOD-CRADLEPIVOTDOUBLERRIGHT-R1,CF-0093,THROUGH_HOLE,see part orientation,part-local lower-left on indicated machining face; CAD global axes retained in recipe,,,,,false,HF-009,BLOCKED_MEASURE_HARDWARE,,"Pattern group, not one physical hole. Coordinates/diameter/depth intentionally blank. No builder transfer drilling. See measurement pack."
WOOD-CRADLEREARBEAM-R1,CF-0094,PROFILE,see part orientation,part-local lower-left on indicated machining face; CAD global axes retained in recipe,,,448.000 x 36.000 x 70.000,t or laminated 2*t,true,,DEFINED_PARAMETRIC,detail_structure_v25:CradleRearBeamV18,"Exact contour is saved detail solid, not bounding rectangle. Preview dimensions only; stock/tool/fit gate HF-001/002. Laminated 2*t records require two identified plies at nesting."
WOOD-CRADLEREARBEAM-R1,CF-0095,ENGRAVING,see part orientation,part-local lower-left on indicated machining face; CAD global axes retained in recipe,safe_interior_label_zone.x,safe_interior_label_zone.y,,shop_confirmed_shallow_mark,false,,DEFINED_PARAMETRIC,WOOD-CRADLEREARBEAM-R1; playfield local axes; rear arrow,Place clear of pockets/hardware zones at CAM; no final marking coordinates until nested orientation is fixed
WOOD-CRADLEREARBEAM-R1,CF-0096,THROUGH_HOLE,see part orientation,part-local lower-left on indicated machining face; CAD global axes retained in recipe,,,,,false,HF-009,BLOCKED_MEASURE_HARDWARE,,"Pattern group, not one physical hole. Coordinates/diameter/depth intentionally blank. No builder transfer drilling. See measurement pack."
PF-LANDING-PROP-LEFT-R3,CF-0097,PROFILE,see part orientation,part-local lower-left on indicated machining face; CAD global axes retained in recipe,,,18.000 x 207.875 x 118.080,t or laminated 2*t,true,,DEFINED_PARAMETRIC,detail_structure_v25:ClosedSupportDoublerLeftV19,"Exact contour is saved detail solid, not bounding rectangle. Preview dimensions only; stock/tool/fit gate HF-001/002. Laminated 2*t records require two identified plies at nesting."
PF-LANDING-PROP-LEFT-R3,CF-0098,ENGRAVING,see part orientation,part-local lower-left on indicated machining face; CAD global axes retained in recipe,safe_interior_label_zone.x,safe_interior_label_zone.y,,shop_confirmed_shallow_mark,false,,DEFINED_PARAMETRIC,PF-LANDING-PROP-LEFT-R3; YZ; inside face,Place clear of pockets/hardware zones at CAM; no final marking coordinates until nested orientation is fixed
PF-LANDING-PROP-LEFT-R3,CF-0099,THROUGH_HOLE,see part orientation,part-local lower-left on indicated machining face; CAD global axes retained in recipe,,,,,false,HF-010,BLOCKED_MEASURE_HARDWARE,,"Pattern group, not one physical hole. Coordinates/diameter/depth intentionally blank. No builder transfer drilling. See measurement pack."
PF-LANDING-PROP-LEFT-R3,CF-0100,THROUGH_HOLE,see part orientation,part-local lower-left on indicated machining face; CAD global axes retained in recipe,,,,,false,HF-012,BLOCKED_MEASURE_HARDWARE,,"Pattern group, not one physical hole. Coordinates/diameter/depth intentionally blank. No builder transfer drilling. See measurement pack."
PF-LANDING-PROP-RIGHT-R3,CF-0101,PROFILE,see part orientation,part-local lower-left on indicated machining face; CAD global axes retained in recipe,,,18.000 x 207.875 x 118.080,t or laminated 2*t,true,,DEFINED_PARAMETRIC,detail_structure_v25:ClosedSupportDoublerRightV19,"Exact contour is saved detail solid, not bounding rectangle. Preview dimensions only; stock/tool/fit gate HF-001/002. Laminated 2*t records require two identified plies at nesting."
PF-LANDING-PROP-RIGHT-R3,CF-0102,ENGRAVING,see part orientation,part-local lower-left on indicated machining face; CAD global axes retained in recipe,safe_interior_label_zone.x,safe_interior_label_zone.y,,shop_confirmed_shallow_mark,false,,DEFINED_PARAMETRIC,PF-LANDING-PROP-RIGHT-R3; YZ; inside face,Place clear of pockets/hardware zones at CAM; no final marking coordinates until nested orientation is fixed
PF-LANDING-PROP-RIGHT-R3,CF-0103,THROUGH_HOLE,see part orientation,part-local lower-left on indicated machining face; CAD global axes retained in recipe,,,,,false,HF-010,BLOCKED_MEASURE_HARDWARE,,"Pattern group, not one physical hole. Coordinates/diameter/depth intentionally blank. No builder transfer drilling. See measurement pack."
PF-LANDING-PROP-RIGHT-R3,CF-0104,THROUGH_HOLE,see part orientation,part-local lower-left on indicated machining face; CAD global axes retained in recipe,,,,,false,HF-012,BLOCKED_MEASURE_HARDWARE,,"Pattern group, not one physical hole. Coordinates/diameter/depth intentionally blank. No builder transfer drilling. See measurement pack."
CAB-PC-REAR-DOOR-002-R1,CF-0105,PROFILE,see part orientation,part-local lower-left on indicated machining face; CAD global axes retained in recipe,,,364.000 x 15.000 x 264.000,t_door,true,,DEFINED_PARAMETRIC,detail_structure_v25:RearCPUServiceDoorClosedV24,"Exact contour is saved detail solid, not bounding rectangle. Preview dimensions only; stock/tool/fit gate HF-001/002. Laminated 2*t records require two identified plies at nesting."
CAB-PC-REAR-DOOR-002-R1,CF-0106,ENGRAVING,see part orientation,part-local lower-left on indicated machining face; CAD global axes retained in recipe,safe_interior_label_zone.x,safe_interior_label_zone.y,,shop_confirmed_shallow_mark,false,,DEFINED_PARAMETRIC,CAB-PC-REAR-DOOR-002-R1; XZ; rear view left hinge; up arrow,Place clear of pockets/hardware zones at CAM; no final marking coordinates until nested orientation is fixed
CAB-PC-REAR-DOOR-002-R1,CF-0107,THROUGH_HOLE,see part orientation,part-local lower-left on indicated machining face; CAD global axes retained in recipe,,,,,false,HF-015,BLOCKED_MEASURE_HARDWARE,,"Pattern group, not one physical hole. Coordinates/diameter/depth intentionally blank. No builder transfer drilling. See measurement pack."
CAB-PC-REAR-DOOR-002-R1,CF-0108,THROUGH_HOLE,see part orientation,part-local lower-left on indicated machining face; CAD global axes retained in recipe,,,,,false,HF-016,BLOCKED_MEASURE_HARDWARE,,"Pattern group, not one physical hole. Coordinates/diameter/depth intentionally blank. No builder transfer drilling. See measurement pack."
PC-REAR-SHELF-002-R1,CF-0109,PROFILE,see part orientation,part-local lower-left on indicated machining face; CAD global axes retained in recipe,,,285.000 x 460.000 x 18.000,t or laminated 2*t,true,,DEFINED_PARAMETRIC,detail_structure_v25:RearCPUShelfStowedV24,"Exact contour is saved detail solid, not bounding rectangle. Preview dimensions only; stock/tool/fit gate HF-001/002. Laminated 2*t records require two identified plies at nesting."
PC-REAR-SHELF-002-R1,CF-0110,ENGRAVING,see part orientation,part-local lower-left on indicated machining face; CAD global axes retained in recipe,safe_interior_label_zone.x,safe_interior_label_zone.y,,shop_confirmed_shallow_mark,false,,DEFINED_PARAMETRIC,PC-REAR-SHELF-002-R1; XY; case up; rear arrow,Place clear of pockets/hardware zones at CAM; no final marking coordinates until nested orientation is fixed
PC-REAR-SHELF-002-R1,CF-0111,THROUGH_HOLE,see part orientation,part-local lower-left on indicated machining face; CAD global axes retained in recipe,,,,,false,HF-013,BLOCKED_MEASURE_HARDWARE,,"Pattern group, not one physical hole. Coordinates/diameter/depth intentionally blank. No builder transfer drilling. See measurement pack."
PC-REAR-SHELF-002-R1,CF-0112,THROUGH_HOLE,see part orientation,part-local lower-left on indicated machining face; CAD global axes retained in recipe,,,,,false,HF-014,BLOCKED_MEASURE_HARDWARE,,"Pattern group, not one physical hole. Coordinates/diameter/depth intentionally blank. No builder transfer drilling. See measurement pack."
PC-REAR-SHELF-002-R1,CF-0113,THROUGH_HOLE,see part orientation,part-local lower-left on indicated machining face; CAD global axes retained in recipe,,,,,false,HF-026,BLOCKED_MEASURE_HARDWARE,,"Pattern group, not one physical hole. Coordinates/diameter/depth intentionally blank. No builder transfer drilling. See measurement pack."
PC-SUPPORT-LEFT-R2,CF-0114,PROFILE,see part orientation,part-local lower-left on indicated machining face; CAD global axes retained in recipe,,,18.000 x 465.000 x 135.500,t or laminated 2*t,true,,DEFINED_PARAMETRIC,detail_structure_v25:RearCPUSupportRailLeftV24,"Exact contour is saved detail solid, not bounding rectangle. Preview dimensions only; stock/tool/fit gate HF-001/002. Laminated 2*t records require two identified plies at nesting."
PC-SUPPORT-LEFT-R2,CF-0115,ENGRAVING,see part orientation,part-local lower-left on indicated machining face; CAD global axes retained in recipe,safe_interior_label_zone.x,safe_interior_label_zone.y,,shop_confirmed_shallow_mark,false,,DEFINED_PARAMETRIC,PC-SUPPORT-LEFT-R2; YZ; rear arrow,Place clear of pockets/hardware zones at CAM; no final marking coordinates until nested orientation is fixed
PC-SUPPORT-LEFT-R2,CF-0116,THROUGH_HOLE,see part orientation,part-local lower-left on indicated machining face; CAD global axes retained in recipe,,,,,false,HF-013,BLOCKED_MEASURE_HARDWARE,,"Pattern group, not one physical hole. Coordinates/diameter/depth intentionally blank. No builder transfer drilling. See measurement pack."
PC-SUPPORT-LEFT-R2,CF-0117,THROUGH_HOLE,see part orientation,part-local lower-left on indicated machining face; CAD global axes retained in recipe,,,,,false,HF-026,BLOCKED_MEASURE_HARDWARE,,"Pattern group, not one physical hole. Coordinates/diameter/depth intentionally blank. No builder transfer drilling. See measurement pack."
PC-SUPPORT-LEFT-R2,CF-0118,PROFILE,see part orientation,part-local lower-left on indicated machining face; CAD global axes retained in recipe,,,,,false,HF-028,BLOCKED_MEASURE_HARDWARE,,"Pattern group, not one physical hole. Coordinates/diameter/depth intentionally blank. No builder transfer drilling. See measurement pack."
PC-SUPPORT-RIGHT-R2,CF-0119,PROFILE,see part orientation,part-local lower-left on indicated machining face; CAD global axes retained in recipe,,,18.000 x 465.000 x 135.500,t or laminated 2*t,true,,DEFINED_PARAMETRIC,detail_structure_v25:RearCPUSupportRailRightV24,"Exact contour is saved detail solid, not bounding rectangle. Preview dimensions only; stock/tool/fit gate HF-001/002. Laminated 2*t records require two identified plies at nesting."
PC-SUPPORT-RIGHT-R2,CF-0120,ENGRAVING,see part orientation,part-local lower-left on indicated machining face; CAD global axes retained in recipe,safe_interior_label_zone.x,safe_interior_label_zone.y,,shop_confirmed_shallow_mark,false,,DEFINED_PARAMETRIC,PC-SUPPORT-RIGHT-R2; YZ; rear arrow,Place clear of pockets/hardware zones at CAM; no final marking coordinates until nested orientation is fixed
PC-SUPPORT-RIGHT-R2,CF-0121,THROUGH_HOLE,see part orientation,part-local lower-left on indicated machining face; CAD global axes retained in recipe,,,,,false,HF-013,BLOCKED_MEASURE_HARDWARE,,"Pattern group, not one physical hole. Coordinates/diameter/depth intentionally blank. No builder transfer drilling. See measurement pack."
PC-SUPPORT-RIGHT-R2,CF-0122,THROUGH_HOLE,see part orientation,part-local lower-left on indicated machining face; CAD global axes retained in recipe,,,,,false,HF-026,BLOCKED_MEASURE_HARDWARE,,"Pattern group, not one physical hole. Coordinates/diameter/depth intentionally blank. No builder transfer drilling. See measurement pack."
PC-SUPPORT-RIGHT-R2,CF-0123,PROFILE,see part orientation,part-local lower-left on indicated machining face; CAD global axes retained in recipe,,,,,false,HF-028,BLOCKED_MEASURE_HARDWARE,,"Pattern group, not one physical hole. Coordinates/diameter/depth intentionally blank. No builder transfer drilling. See measurement pack."
CAB-SIDE-001L-R1,CF-0124,RABBET,see part orientation,part-local lower-left on indicated machining face; CAD global axes retained in recipe,,,,t/3 capture or mating profile trim; see exact solid,false,,DEFINED_PARAMETRIC,geometry.json:operations[0],"Global removed-volume bounds 12.000,18.000,0.000,18.000,0.000,400.050; no hardware coordinates; zero-clearance review, tool relief pending"
CAB-SIDE-001L-R1,CF-0125,RABBET,see part orientation,part-local lower-left on indicated machining face; CAD global axes retained in recipe,,,,t/3 capture or mating profile trim; see exact solid,false,,DEFINED_PARAMETRIC,geometry.json:operations[1],"Global removed-volume bounds 12.000,18.000,1290.100,1308.100,0.000,596.900; no hardware coordinates; zero-clearance review, tool relief pending"
CAB-SIDE-001L-R1,CF-0126,DADO,see part orientation,part-local lower-left on indicated machining face; CAD global axes retained in recipe,,,,t/3 capture or mating profile trim; see exact solid,false,,DEFINED_PARAMETRIC,geometry.json:operations[2],"Global removed-volume bounds 12.000,18.000,18.000,1290.100,18.000,36.000; no hardware coordinates; zero-clearance review, tool relief pending"
CAB-SIDE-001L-R1,CF-0127,DADO,see part orientation,part-local lower-left on indicated machining face; CAD global axes retained in recipe,,,,t/3 capture or mating profile trim; see exact solid,false,,DEFINED_PARAMETRIC,geometry.json:operations[3],"Global removed-volume bounds 12.000,18.000,260.000,278.000,36.000,116.000; no hardware coordinates; zero-clearance review, tool relief pending"
CAB-SIDE-001L-R1,CF-0128,DADO,see part orientation,part-local lower-left on indicated machining face; CAD global axes retained in recipe,,,,t/3 capture or mating profile trim; see exact solid,false,,DEFINED_PARAMETRIC,geometry.json:operations[4],"Global removed-volume bounds 12.000,18.000,650.000,668.000,36.000,116.000; no hardware coordinates; zero-clearance review, tool relief pending"
CAB-SIDE-001L-R1,CF-0129,DADO,see part orientation,part-local lower-left on indicated machining face; CAD global axes retained in recipe,,,,t/3 capture or mating profile trim; see exact solid,false,,DEFINED_PARAMETRIC,geometry.json:operations[5],"Global removed-volume bounds 12.000,18.000,1040.000,1058.000,36.000,116.000; no hardware coordinates; zero-clearance review, tool relief pending"
CAB-SIDE-001R-R1,CF-0130,RABBET,see part orientation,part-local lower-left on indicated machining face; CAD global axes retained in recipe,,,,t/3 capture or mating profile trim; see exact solid,false,,DEFINED_PARAMETRIC,geometry.json:operations[6],"Global removed-volume bounds 582.000,588.000,0.000,18.000,0.000,400.050; no hardware coordinates; zero-clearance review, tool relief pending"
CAB-SIDE-001R-R1,CF-0131,RABBET,see part orientation,part-local lower-left on indicated machining face; CAD global axes retained in recipe,,,,t/3 capture or mating profile trim; see exact solid,false,,DEFINED_PARAMETRIC,geometry.json:operations[7],"Global removed-volume bounds 582.000,588.000,1290.100,1308.100,0.000,596.900; no hardware coordinates; zero-clearance review, tool relief pending"
CAB-SIDE-001R-R1,CF-0132,DADO,see part orientation,part-local lower-left on indicated machining face; CAD global axes retained in recipe,,,,t/3 capture or mating profile trim; see exact solid,false,,DEFINED_PARAMETRIC,geometry.json:operations[8],"Global removed-volume bounds 582.000,588.000,18.000,1290.100,18.000,36.000; no hardware coordinates; zero-clearance review, tool relief pending"
CAB-SIDE-001R-R1,CF-0133,DADO,see part orientation,part-local lower-left on indicated machining face; CAD global axes retained in recipe,,,,t/3 capture or mating profile trim; see exact solid,false,,DEFINED_PARAMETRIC,geometry.json:operations[9],"Global removed-volume bounds 582.000,588.000,260.000,278.000,36.000,116.000; no hardware coordinates; zero-clearance review, tool relief pending"
CAB-SIDE-001R-R1,CF-0134,DADO,see part orientation,part-local lower-left on indicated machining face; CAD global axes retained in recipe,,,,t/3 capture or mating profile trim; see exact solid,false,,DEFINED_PARAMETRIC,geometry.json:operations[10],"Global removed-volume bounds 582.000,588.000,650.000,668.000,36.000,116.000; no hardware coordinates; zero-clearance review, tool relief pending"
CAB-SIDE-001R-R1,CF-0135,DADO,see part orientation,part-local lower-left on indicated machining face; CAD global axes retained in recipe,,,,t/3 capture or mating profile trim; see exact solid,false,,DEFINED_PARAMETRIC,geometry.json:operations[11],"Global removed-volume bounds 582.000,588.000,1040.000,1058.000,36.000,116.000; no hardware coordinates; zero-clearance review, tool relief pending"
CAB-FRONT-001-R1,CF-0136,DADO,see part orientation,part-local lower-left on indicated machining face; CAD global axes retained in recipe,,,,t/3 capture or mating profile trim; see exact solid,false,,DEFINED_PARAMETRIC,geometry.json:operations[12],"Global removed-volume bounds 12.000,588.000,12.000,18.000,18.000,36.000; no hardware coordinates; zero-clearance review, tool relief pending"
CAB-REAR-001-R3,CF-0137,DADO,see part orientation,part-local lower-left on indicated machining face; CAD global axes retained in recipe,,,,t/3 capture or mating profile trim; see exact solid,false,,DEFINED_PARAMETRIC,geometry.json:operations[13],"Global removed-volume bounds 12.000,588.000,1290.100,1296.100,18.000,36.000; no hardware coordinates; zero-clearance review, tool relief pending"
CAB-REAR-SHELF-001-R1,CF-0138,PROFILE,see part orientation,part-local lower-left on indicated machining face; CAD global axes retained in recipe,,,,t/3 capture or mating profile trim; see exact solid,false,,DEFINED_PARAMETRIC,geometry.json:operations[14],"Global removed-volume bounds 12.000,588.000,1296.100,1308.100,578.900,596.900; no hardware coordinates; zero-clearance review, tool relief pending"
CAB-SIDE-001L-R1,CF-0139,RABBET,see part orientation,part-local lower-left on indicated machining face; CAD global axes retained in recipe,,,,t/3 capture or mating profile trim; see exact solid,false,,DEFINED_PARAMETRIC,geometry.json:operations[15],"Global removed-volume bounds 12.000,18.000,1127.125,1290.100,578.900,596.900; no hardware coordinates; zero-clearance review, tool relief pending"
CAB-SIDE-001R-R1,CF-0140,RABBET,see part orientation,part-local lower-left on indicated machining face; CAD global axes retained in recipe,,,,t/3 capture or mating profile trim; see exact solid,false,,DEFINED_PARAMETRIC,geometry.json:operations[16],"Global removed-volume bounds 582.000,588.000,1127.125,1290.100,578.900,596.900; no hardware coordinates; zero-clearance review, tool relief pending"
CAB-REAR-001-R3,CF-0141,RABBET,see part orientation,part-local lower-left on indicated machining face; CAD global axes retained in recipe,,,,t/3 capture or mating profile trim; see exact solid,false,,DEFINED_PARAMETRIC,geometry.json:operations[17],"Global removed-volume bounds 12.000,588.000,1290.100,1296.100,578.900,596.900; no hardware coordinates; zero-clearance review, tool relief pending"
BB-FLOOR-001-R1,CF-0142,PROFILE,see part orientation,part-local lower-left on indicated machining face; CAD global axes retained in recipe,,,,t/3 capture or mating profile trim; see exact solid,false,,DEFINED_PARAMETRIC,geometry.json:operations[18],"Global removed-volume bounds -90.000,-78.000,1054.100,1308.100,596.900,614.900; no hardware coordinates; zero-clearance review, tool relief pending"
BB-FLOOR-001-R1,CF-0143,PROFILE,see part orientation,part-local lower-left on indicated machining face; CAD global axes retained in recipe,,,,t/3 capture or mating profile trim; see exact solid,false,,DEFINED_PARAMETRIC,geometry.json:operations[19],"Global removed-volume bounds 678.000,690.000,1054.100,1308.100,596.900,614.900; no hardware coordinates; zero-clearance review, tool relief pending"
BB-SIDE-001L-R1,CF-0144,RABBET,see part orientation,part-local lower-left on indicated machining face; CAD global axes retained in recipe,,,,t/3 capture or mating profile trim; see exact solid,false,,DEFINED_PARAMETRIC,geometry.json:operations[20],"Global removed-volume bounds -78.000,-72.000,1054.100,1308.100,596.900,614.900; no hardware coordinates; zero-clearance review, tool relief pending"
BB-SIDE-001R-R1,CF-0145,RABBET,see part orientation,part-local lower-left on indicated machining face; CAD global axes retained in recipe,,,,t/3 capture or mating profile trim; see exact solid,false,,DEFINED_PARAMETRIC,geometry.json:operations[21],"Global removed-volume bounds 672.000,678.000,1054.100,1308.100,596.900,614.900; no hardware coordinates; zero-clearance review, tool relief pending"
BB-TOP-001-R1,CF-0146,PROFILE,see part orientation,part-local lower-left on indicated machining face; CAD global axes retained in recipe,,,,t/3 capture or mating profile trim; see exact solid,false,,DEFINED_PARAMETRIC,geometry.json:operations[22],"Global removed-volume bounds -90.000,-78.000,1054.100,1308.100,1302.800,1320.800; no hardware coordinates; zero-clearance review, tool relief pending"
BB-TOP-001-R1,CF-0147,PROFILE,see part orientation,part-local lower-left on indicated machining face; CAD global axes retained in recipe,,,,t/3 capture or mating profile trim; see exact solid,false,,DEFINED_PARAMETRIC,geometry.json:operations[23],"Global removed-volume bounds 678.000,690.000,1054.100,1308.100,1302.800,1320.800; no hardware coordinates; zero-clearance review, tool relief pending"
BB-SIDE-001L-R1,CF-0148,RABBET,see part orientation,part-local lower-left on indicated machining face; CAD global axes retained in recipe,,,,t/3 capture or mating profile trim; see exact solid,false,,DEFINED_PARAMETRIC,geometry.json:operations[24],"Global removed-volume bounds -78.000,-72.000,1054.100,1308.100,1302.800,1320.800; no hardware coordinates; zero-clearance review, tool relief pending"
BB-SIDE-001R-R1,CF-0149,RABBET,see part orientation,part-local lower-left on indicated machining face; CAD global axes retained in recipe,,,,t/3 capture or mating profile trim; see exact solid,false,,DEFINED_PARAMETRIC,geometry.json:operations[25],"Global removed-volume bounds 672.000,678.000,1054.100,1308.100,1302.800,1320.800; no hardware coordinates; zero-clearance review, tool relief pending"
BB-REAR-FRAME-L-R1,CF-0150,PROFILE,see part orientation,part-local lower-left on indicated machining face; CAD global axes retained in recipe,,,,t/3 capture or mating profile trim; see exact solid,false,,DEFINED_PARAMETRIC,geometry.json:operations[26],"Global removed-volume bounds -79.000,40.000,1290.100,1302.100,596.900,615.900; no hardware coordinates; zero-clearance review, tool relief pending"
BB-FLOOR-001-R1,CF-0151,RABBET,see part orientation,part-local lower-left on indicated machining face; CAD global axes retained in recipe,,,,t/3 capture or mating profile trim; see exact solid,false,,DEFINED_PARAMETRIC,geometry.json:operations[27],"Global removed-volume bounds -78.000,40.000,1302.100,1308.100,596.900,614.900; no hardware coordinates; zero-clearance review, tool relief pending"
BB-REAR-FRAME-L-R1,CF-0152,PROFILE,see part orientation,part-local lower-left on indicated machining face; CAD global axes retained in recipe,,,,t/3 capture or mating profile trim; see exact solid,false,,DEFINED_PARAMETRIC,geometry.json:operations[28],"Global removed-volume bounds -79.000,40.000,1290.100,1302.100,1301.800,1320.800; no hardware coordinates; zero-clearance review, tool relief pending"
BB-TOP-001-R1,CF-0153,RABBET,see part orientation,part-local lower-left on indicated machining face; CAD global axes retained in recipe,,,,t/3 capture or mating profile trim; see exact solid,false,,DEFINED_PARAMETRIC,geometry.json:operations[29],"Global removed-volume bounds -78.000,40.000,1302.100,1308.100,1302.800,1320.800; no hardware coordinates; zero-clearance review, tool relief pending"
BB-REAR-FRAME-L-R1,CF-0154,PROFILE,see part orientation,part-local lower-left on indicated machining face; CAD global axes retained in recipe,,,,t/3 capture or mating profile trim; see exact solid,false,,DEFINED_PARAMETRIC,geometry.json:operations[30],"Global removed-volume bounds -90.000,-71.000,1290.100,1302.100,596.900,1320.800; no hardware coordinates; zero-clearance review, tool relief pending"
BB-SIDE-001L-R1,CF-0155,RABBET,see part orientation,part-local lower-left on indicated machining face; CAD global axes retained in recipe,,,,t/3 capture or mating profile trim; see exact solid,false,,DEFINED_PARAMETRIC,geometry.json:operations[31],"Global removed-volume bounds -90.000,-72.000,1302.100,1308.100,596.900,1320.800; no hardware coordinates; zero-clearance review, tool relief pending"
BB-REAR-FRAME-R-R1,CF-0156,PROFILE,see part orientation,part-local lower-left on indicated machining face; CAD global axes retained in recipe,,,,t/3 capture or mating profile trim; see exact solid,false,,DEFINED_PARAMETRIC,geometry.json:operations[32],"Global removed-volume bounds 560.000,679.000,1290.100,1302.100,596.900,615.900; no hardware coordinates; zero-clearance review, tool relief pending"
BB-FLOOR-001-R1,CF-0157,RABBET,see part orientation,part-local lower-left on indicated machining face; CAD global axes retained in recipe,,,,t/3 capture or mating profile trim; see exact solid,false,,DEFINED_PARAMETRIC,geometry.json:operations[33],"Global removed-volume bounds 560.000,678.000,1302.100,1308.100,596.900,614.900; no hardware coordinates; zero-clearance review, tool relief pending"
BB-REAR-FRAME-R-R1,CF-0158,PROFILE,see part orientation,part-local lower-left on indicated machining face; CAD global axes retained in recipe,,,,t/3 capture or mating profile trim; see exact solid,false,,DEFINED_PARAMETRIC,geometry.json:operations[34],"Global removed-volume bounds 560.000,679.000,1290.100,1302.100,1301.800,1320.800; no hardware coordinates; zero-clearance review, tool relief pending"
BB-TOP-001-R1,CF-0159,RABBET,see part orientation,part-local lower-left on indicated machining face; CAD global axes retained in recipe,,,,t/3 capture or mating profile trim; see exact solid,false,,DEFINED_PARAMETRIC,geometry.json:operations[35],"Global removed-volume bounds 560.000,678.000,1302.100,1308.100,1302.800,1320.800; no hardware coordinates; zero-clearance review, tool relief pending"
BB-REAR-FRAME-R-R1,CF-0160,PROFILE,see part orientation,part-local lower-left on indicated machining face; CAD global axes retained in recipe,,,,t/3 capture or mating profile trim; see exact solid,false,,DEFINED_PARAMETRIC,geometry.json:operations[36],"Global removed-volume bounds 671.000,690.000,1290.100,1302.100,596.900,1320.800; no hardware coordinates; zero-clearance review, tool relief pending"
BB-SIDE-001R-R1,CF-0161,RABBET,see part orientation,part-local lower-left on indicated machining face; CAD global axes retained in recipe,,,,t/3 capture or mating profile trim; see exact solid,false,,DEFINED_PARAMETRIC,geometry.json:operations[37],"Global removed-volume bounds 672.000,690.000,1302.100,1308.100,596.900,1320.800; no hardware coordinates; zero-clearance review, tool relief pending"
BB-REAR-FRAME-B-R1,CF-0162,PROFILE,see part orientation,part-local lower-left on indicated machining face; CAD global axes retained in recipe,,,,t/3 capture or mating profile trim; see exact solid,false,,DEFINED_PARAMETRIC,geometry.json:operations[38],"Global removed-volume bounds 40.000,560.000,1290.100,1302.100,596.900,615.900; no hardware coordinates; zero-clearance review, tool relief pending"
BB-FLOOR-001-R1,CF-0163,RABBET,see part orientation,part-local lower-left on indicated machining face; CAD global axes retained in recipe,,,,t/3 capture or mating profile trim; see exact solid,false,,DEFINED_PARAMETRIC,geometry.json:operations[39],"Global removed-volume bounds 40.000,560.000,1302.100,1308.100,596.900,614.900; no hardware coordinates; zero-clearance review, tool relief pending"
BB-REAR-FRAME-T-R1,CF-0164,PROFILE,see part orientation,part-local lower-left on indicated machining face; CAD global axes retained in recipe,,,,t/3 capture or mating profile trim; see exact solid,false,,DEFINED_PARAMETRIC,geometry.json:operations[40],"Global removed-volume bounds 40.000,560.000,1290.100,1302.100,1301.800,1320.800; no hardware coordinates; zero-clearance review, tool relief pending"
BB-TOP-001-R1,CF-0165,RABBET,see part orientation,part-local lower-left on indicated machining face; CAD global axes retained in recipe,,,,t/3 capture or mating profile trim; see exact solid,false,,DEFINED_PARAMETRIC,geometry.json:operations[41],"Global removed-volume bounds 40.000,560.000,1302.100,1308.100,1302.800,1320.800; no hardware coordinates; zero-clearance review, tool relief pending"
WOOD-CRADLECROSSMEMBER1-R1,CF-0166,PROFILE,see part orientation,part-local lower-left on indicated machining face; CAD global axes retained in recipe,,,,t/3 capture or mating profile trim; see exact solid,false,,DEFINED_PARAMETRIC,geometry.json:operations[42],"Global removed-volume bounds 40.000,52.000,134.518,196.720,334.556,362.610; no hardware coordinates; zero-clearance review, tool relief pending"
WOOD-CRADLESIDERAILLEFT-R1,CF-0167,DADO,see part orientation,part-local lower-left on indicated machining face; CAD global axes retained in recipe,,,,t/3 capture or mating profile trim; see exact solid,false,,DEFINED_PARAMETRIC,geometry.json:operations[43],"Global removed-volume bounds 52.000,58.000,134.518,196.720,334.556,362.610; no hardware coordinates; zero-clearance review, tool relief pending"
WOOD-CRADLECROSSMEMBER2-R1,CF-0168,PROFILE,see part orientation,part-local lower-left on indicated machining face; CAD global axes retained in recipe,,,,t/3 capture or mating profile trim; see exact solid,false,,DEFINED_PARAMETRIC,geometry.json:operations[44],"Global removed-volume bounds 40.000,52.000,518.703,580.905,401.653,429.707; no hardware coordinates; zero-clearance review, tool relief pending"
WOOD-CRADLESIDERAILLEFT-R1,CF-0169,DADO,see part orientation,part-local lower-left on indicated machining face; CAD global axes retained in recipe,,,,t/3 capture or mating profile trim; see exact solid,false,,DEFINED_PARAMETRIC,geometry.json:operations[45],"Global removed-volume bounds 52.000,58.000,518.703,580.905,401.653,429.707; no hardware coordinates; zero-clearance review, tool relief pending"
WOOD-CRADLECROSSMEMBER3-R1,CF-0170,PROFILE,see part orientation,part-local lower-left on indicated machining face; CAD global axes retained in recipe,,,,t/3 capture or mating profile trim; see exact solid,false,,DEFINED_PARAMETRIC,geometry.json:operations[46],"Global removed-volume bounds 40.000,52.000,907.813,970.016,469.610,497.665; no hardware coordinates; zero-clearance review, tool relief pending"
WOOD-CRADLESIDERAILLEFT-R1,CF-0171,DADO,see part orientation,part-local lower-left on indicated machining face; CAD global axes retained in recipe,,,,t/3 capture or mating profile trim; see exact solid,false,,DEFINED_PARAMETRIC,geometry.json:operations[47],"Global removed-volume bounds 52.000,58.000,907.813,970.016,469.610,497.665; no hardware coordinates; zero-clearance review, tool relief pending"
WOOD-CRADLEPIVOTDOUBLERLEFT-R1,CF-0172,PROFILE,see part orientation,part-local lower-left on indicated machining face; CAD global axes retained in recipe,,,,t/3 capture or mating profile trim; see exact solid,false,,DEFINED_PARAMETRIC,geometry.json:operations[48],"Global removed-volume bounds 40.000,52.000,912.739,1028.216,419.246,506.267; no hardware coordinates; zero-clearance review, tool relief pending"
WOOD-CRADLESIDERAILLEFT-R1,CF-0173,DADO,see part orientation,part-local lower-left on indicated machining face; CAD global axes retained in recipe,,,,t/3 capture or mating profile trim; see exact solid,false,,DEFINED_PARAMETRIC,geometry.json:operations[49],"Global removed-volume bounds 52.000,58.000,915.836,1028.216,419.246,506.267; no hardware coordinates; zero-clearance review, tool relief pending"
WOOD-CRADLECROSSMEMBER1-R1,CF-0174,PROFILE,see part orientation,part-local lower-left on indicated machining face; CAD global axes retained in recipe,,,,t/3 capture or mating profile trim; see exact solid,false,,DEFINED_PARAMETRIC,geometry.json:operations[50],"Global removed-volume bounds 548.000,560.000,134.518,196.720,334.556,362.610; no hardware coordinates; zero-clearance review, tool relief pending"
WOOD-CRADLESIDERAILRIGHT-R1,CF-0175,DADO,see part orientation,part-local lower-left on indicated machining face; CAD global axes retained in recipe,,,,t/3 capture or mating profile trim; see exact solid,false,,DEFINED_PARAMETRIC,geometry.json:operations[51],"Global removed-volume bounds 542.000,548.000,134.518,196.720,334.556,362.610; no hardware coordinates; zero-clearance review, tool relief pending"
WOOD-CRADLECROSSMEMBER2-R1,CF-0176,PROFILE,see part orientation,part-local lower-left on indicated machining face; CAD global axes retained in recipe,,,,t/3 capture or mating profile trim; see exact solid,false,,DEFINED_PARAMETRIC,geometry.json:operations[52],"Global removed-volume bounds 548.000,560.000,518.703,580.905,401.653,429.707; no hardware coordinates; zero-clearance review, tool relief pending"
WOOD-CRADLESIDERAILRIGHT-R1,CF-0177,DADO,see part orientation,part-local lower-left on indicated machining face; CAD global axes retained in recipe,,,,t/3 capture or mating profile trim; see exact solid,false,,DEFINED_PARAMETRIC,geometry.json:operations[53],"Global removed-volume bounds 542.000,548.000,518.703,580.905,401.653,429.707; no hardware coordinates; zero-clearance review, tool relief pending"
WOOD-CRADLECROSSMEMBER3-R1,CF-0178,PROFILE,see part orientation,part-local lower-left on indicated machining face; CAD global axes retained in recipe,,,,t/3 capture or mating profile trim; see exact solid,false,,DEFINED_PARAMETRIC,geometry.json:operations[54],"Global removed-volume bounds 548.000,560.000,907.813,970.016,469.610,497.665; no hardware coordinates; zero-clearance review, tool relief pending"
WOOD-CRADLESIDERAILRIGHT-R1,CF-0179,DADO,see part orientation,part-local lower-left on indicated machining face; CAD global axes retained in recipe,,,,t/3 capture or mating profile trim; see exact solid,false,,DEFINED_PARAMETRIC,geometry.json:operations[55],"Global removed-volume bounds 542.000,548.000,907.813,970.016,469.610,497.665; no hardware coordinates; zero-clearance review, tool relief pending"
WOOD-CRADLEPIVOTDOUBLERRIGHT-R1,CF-0180,PROFILE,see part orientation,part-local lower-left on indicated machining face; CAD global axes retained in recipe,,,,t/3 capture or mating profile trim; see exact solid,false,,DEFINED_PARAMETRIC,geometry.json:operations[56],"Global removed-volume bounds 548.000,560.000,912.739,1028.216,419.246,506.267; no hardware coordinates; zero-clearance review, tool relief pending"
WOOD-CRADLESIDERAILRIGHT-R1,CF-0181,DADO,see part orientation,part-local lower-left on indicated machining face; CAD global axes retained in recipe,,,,t/3 capture or mating profile trim; see exact solid,false,,DEFINED_PARAMETRIC,geometry.json:operations[57],"Global removed-volume bounds 542.000,548.000,915.836,1028.216,419.246,506.267; no hardware coordinates; zero-clearance review, tool relief pending"
WOOD-CRADLEPIVOTDOUBLERLEFT-R1,CF-0182,POCKET,see part orientation,part-local lower-left on indicated machining face; CAD global axes retained in recipe,,,,t/3 capture or mating profile trim; see exact solid,false,,DEFINED_PARAMETRIC,geometry.json:operations[58],"Global removed-volume bounds 52.000,76.000,912.739,970.016,470.471,497.665; no hardware coordinates; zero-clearance review, tool relief pending"
WOOD-CRADLEPIVOTDOUBLERRIGHT-R1,CF-0183,POCKET,see part orientation,part-local lower-left on indicated machining face; CAD global axes retained in recipe,,,,t/3 capture or mating profile trim; see exact solid,false,,DEFINED_PARAMETRIC,geometry.json:operations[59],"Global removed-volume bounds 524.000,548.000,912.739,970.016,470.471,497.665; no hardware coordinates; zero-clearance review, tool relief pending"
PC-SUPPORT-LEFT-R2,CF-0184,POCKET,see part orientation,part-local lower-left on indicated machining face; CAD global axes retained in recipe,crossmember_y - rail_y - clearance/2,0,t+clearance,crossmember_height,true,,DEFINED_PARAMETRIC,build_rear_utility_v26 rail saddle,Keep rail outline and bottom bearing; saddle spans crossmember at Y1040. Slide/clamp holes blocked; 13.8 mm gap retained.
PC-SUPPORT-RIGHT-R2,CF-0185,POCKET,see part orientation,part-local lower-left on indicated machining face; CAD global axes retained in recipe,crossmember_y - rail_y - clearance/2,0,t+clearance,crossmember_height,true,,DEFINED_PARAMETRIC,build_rear_utility_v26 rail saddle,Keep rail outline and bottom bearing; saddle spans crossmember at Y1040. Slide/clamp holes blocked; 13.8 mm gap retained.
CAB-REAR-001-R3,CF-0186,PROFILE,"rear XZ, origin global X12 Z0",part-local lower-left on indicated machining face; CAD global axes retained in recipe,118,110,340 x 240,t,true,,DEFINED_PARAMETRIC,CPU,Existing generic aperture; hardware patterns separately blocked; local X follows measured capture offset at release
CAB-REAR-001-R3,CF-0187,CABLE_PASS,"rear XZ, origin global X12 Z0",part-local lower-left on indicated machining face; CAD global axes retained in recipe,48,405,70 x 50,t,true,,DEFINED_PARAMETRIC,MAINS,Existing generic aperture; hardware patterns separately blocked; local X follows measured capture offset at release
CAB-REAR-001-R3,CF-0188,CABLE_PASS,"rear XZ, origin global X12 Z0",part-local lower-left on indicated machining face; CAD global axes retained in recipe,506,413,24 x 24,t,true,,DEFINED_PARAMETRIC,ETHERNET,Existing generic aperture; hardware patterns separately blocked; local X follows measured capture offset at release
CAB-BOTTOM-001-R1,CF-0189,VENT,XY,part-local lower-left on indicated machining face; CAD global axes retained in recipe,210.0,324.0,"(80, 12)",t,true,,DEFINED_PARAMETRIC,owner_features_v27:Intake1_1,Project-designed generic interface; global coordinate datums; geometry-critical electronics patterns on removable adapters only
CAB-BOTTOM-001-R1,CF-0190,VENT,XY,part-local lower-left on indicated machining face; CAD global axes retained in recipe,210.0,354.0,"(80, 12)",t,true,,DEFINED_PARAMETRIC,owner_features_v27:Intake1_2,Project-designed generic interface; global coordinate datums; geometry-critical electronics patterns on removable adapters only
CAB-BOTTOM-001-R1,CF-0191,VENT,XY,part-local lower-left on indicated machining face; CAD global axes retained in recipe,210.0,384.0,"(80, 12)",t,true,,DEFINED_PARAMETRIC,owner_features_v27:Intake1_3,Project-designed generic interface; global coordinate datums; geometry-critical electronics patterns on removable adapters only
CAB-BOTTOM-001-R1,CF-0192,VENT,XY,part-local lower-left on indicated machining face; CAD global axes retained in recipe,210.0,414.0,"(80, 12)",t,true,,DEFINED_PARAMETRIC,owner_features_v27:Intake1_4,Project-designed generic interface; global coordinate datums; geometry-critical electronics patterns on removable adapters only
CAB-BOTTOM-001-R1,CF-0193,VENT,XY,part-local lower-left on indicated machining face; CAD global axes retained in recipe,210.0,444.0,"(80, 12)",t,true,,DEFINED_PARAMETRIC,owner_features_v27:Intake1_5,Project-designed generic interface; global coordinate datums; geometry-critical electronics patterns on removable adapters only
CAB-BOTTOM-001-R1,CF-0194,VENT,XY,part-local lower-left on indicated machining face; CAD global axes retained in recipe,210.0,474.0,"(80, 12)",t,true,,DEFINED_PARAMETRIC,owner_features_v27:Intake1_6,Project-designed generic interface; global coordinate datums; geometry-critical electronics patterns on removable adapters only
CAB-BOTTOM-001-R1,CF-0195,VENT,XY,part-local lower-left on indicated machining face; CAD global axes retained in recipe,210.0,504.0,"(80, 12)",t,true,,DEFINED_PARAMETRIC,owner_features_v27:Intake1_7,Project-designed generic interface; global coordinate datums; geometry-critical electronics patterns on removable adapters only
CAB-BOTTOM-001-R1,CF-0196,VENT,XY,part-local lower-left on indicated machining face; CAD global axes retained in recipe,210.0,534.0,"(80, 12)",t,true,,DEFINED_PARAMETRIC,owner_features_v27:Intake1_8,Project-designed generic interface; global coordinate datums; geometry-critical electronics patterns on removable adapters only
CAB-BOTTOM-001-R1,CF-0197,VENT,XY,part-local lower-left on indicated machining face; CAD global axes retained in recipe,210.0,564.0,"(80, 12)",t,true,,DEFINED_PARAMETRIC,owner_features_v27:Intake1_9,Project-designed generic interface; global coordinate datums; geometry-critical electronics patterns on removable adapters only
CAB-BOTTOM-001-R1,CF-0198,VENT,XY,part-local lower-left on indicated machining face; CAD global axes retained in recipe,310.0,324.0,"(80, 12)",t,true,,DEFINED_PARAMETRIC,owner_features_v27:Intake2_1,Project-designed generic interface; global coordinate datums; geometry-critical electronics patterns on removable adapters only
CAB-BOTTOM-001-R1,CF-0199,VENT,XY,part-local lower-left on indicated machining face; CAD global axes retained in recipe,310.0,354.0,"(80, 12)",t,true,,DEFINED_PARAMETRIC,owner_features_v27:Intake2_2,Project-designed generic interface; global coordinate datums; geometry-critical electronics patterns on removable adapters only
CAB-BOTTOM-001-R1,CF-0200,VENT,XY,part-local lower-left on indicated machining face; CAD global axes retained in recipe,310.0,384.0,"(80, 12)",t,true,,DEFINED_PARAMETRIC,owner_features_v27:Intake2_3,Project-designed generic interface; global coordinate datums; geometry-critical electronics patterns on removable adapters only
CAB-BOTTOM-001-R1,CF-0201,VENT,XY,part-local lower-left on indicated machining face; CAD global axes retained in recipe,310.0,414.0,"(80, 12)",t,true,,DEFINED_PARAMETRIC,owner_features_v27:Intake2_4,Project-designed generic interface; global coordinate datums; geometry-critical electronics patterns on removable adapters only
CAB-BOTTOM-001-R1,CF-0202,VENT,XY,part-local lower-left on indicated machining face; CAD global axes retained in recipe,310.0,444.0,"(80, 12)",t,true,,DEFINED_PARAMETRIC,owner_features_v27:Intake2_5,Project-designed generic interface; global coordinate datums; geometry-critical electronics patterns on removable adapters only
CAB-BOTTOM-001-R1,CF-0203,VENT,XY,part-local lower-left on indicated machining face; CAD global axes retained in recipe,310.0,474.0,"(80, 12)",t,true,,DEFINED_PARAMETRIC,owner_features_v27:Intake2_6,Project-designed generic interface; global coordinate datums; geometry-critical electronics patterns on removable adapters only
CAB-BOTTOM-001-R1,CF-0204,VENT,XY,part-local lower-left on indicated machining face; CAD global axes retained in recipe,310.0,504.0,"(80, 12)",t,true,,DEFINED_PARAMETRIC,owner_features_v27:Intake2_7,Project-designed generic interface; global coordinate datums; geometry-critical electronics patterns on removable adapters only
CAB-BOTTOM-001-R1,CF-0205,VENT,XY,part-local lower-left on indicated machining face; CAD global axes retained in recipe,310.0,534.0,"(80, 12)",t,true,,DEFINED_PARAMETRIC,owner_features_v27:Intake2_8,Project-designed generic interface; global coordinate datums; geometry-critical electronics patterns on removable adapters only
CAB-BOTTOM-001-R1,CF-0206,VENT,XY,part-local lower-left on indicated machining face; CAD global axes retained in recipe,310.0,564.0,"(80, 12)",t,true,,DEFINED_PARAMETRIC,owner_features_v27:Intake2_9,Project-designed generic interface; global coordinate datums; geometry-critical electronics patterns on removable adapters only
CAB-BOTTOM-001-R1,CF-0207,THROUGH_HOLE,XY,part-local lower-left on indicated machining face; CAD global axes retained in recipe,200,315,4.5,t,true,,DEFINED_PARAMETRIC,owner_features_v27:FilterMount1,Project-designed generic interface; global coordinate datums; geometry-critical electronics patterns on removable adapters only
CAB-BOTTOM-001-R1,CF-0208,THROUGH_HOLE,XY,part-local lower-left on indicated machining face; CAD global axes retained in recipe,400,315,4.5,t,true,,DEFINED_PARAMETRIC,owner_features_v27:FilterMount2,Project-designed generic interface; global coordinate datums; geometry-critical electronics patterns on removable adapters only
CAB-BOTTOM-001-R1,CF-0209,THROUGH_HOLE,XY,part-local lower-left on indicated machining face; CAD global axes retained in recipe,200,585,4.5,t,true,,DEFINED_PARAMETRIC,owner_features_v27:FilterMount3,Project-designed generic interface; global coordinate datums; geometry-critical electronics patterns on removable adapters only
CAB-BOTTOM-001-R1,CF-0210,THROUGH_HOLE,XY,part-local lower-left on indicated machining face; CAD global axes retained in recipe,400,585,4.5,t,true,,DEFINED_PARAMETRIC,owner_features_v27:FilterMount4,Project-designed generic interface; global coordinate datums; geometry-critical electronics patterns on removable adapters only
CAB-XMEM-010-R1,CF-0211,THROUGH_HOLE,XZ,part-local lower-left on indicated machining face; CAD global axes retained in recipe,65,85,6.5,t,true,,DEFINED_PARAMETRIC,owner_features_v27:CarrierMount1_1,Project-designed generic interface; global coordinate datums; geometry-critical electronics patterns on removable adapters only
CAB-XMEM-010-R1,CF-0212,THROUGH_HOLE,XZ,part-local lower-left on indicated machining face; CAD global axes retained in recipe,160,85,6.5,t,true,,DEFINED_PARAMETRIC,owner_features_v27:CarrierMount1_2,Project-designed generic interface; global coordinate datums; geometry-critical electronics patterns on removable adapters only
CAB-XMEM-010-R1,CF-0213,THROUGH_HOLE,XZ,part-local lower-left on indicated machining face; CAD global axes retained in recipe,440,85,6.5,t,true,,DEFINED_PARAMETRIC,owner_features_v27:CarrierMount1_3,Project-designed generic interface; global coordinate datums; geometry-critical electronics patterns on removable adapters only
CAB-XMEM-010-R1,CF-0214,THROUGH_HOLE,XZ,part-local lower-left on indicated machining face; CAD global axes retained in recipe,535,85,6.5,t,true,,DEFINED_PARAMETRIC,owner_features_v27:CarrierMount1_4,Project-designed generic interface; global coordinate datums; geometry-critical electronics patterns on removable adapters only
CAB-XMEM-011-R1,CF-0215,THROUGH_HOLE,XZ,part-local lower-left on indicated machining face; CAD global axes retained in recipe,65,85,6.5,t,true,,DEFINED_PARAMETRIC,owner_features_v27:CarrierMount2_1,Project-designed generic interface; global coordinate datums; geometry-critical electronics patterns on removable adapters only
CAB-XMEM-011-R1,CF-0216,THROUGH_HOLE,XZ,part-local lower-left on indicated machining face; CAD global axes retained in recipe,160,85,6.5,t,true,,DEFINED_PARAMETRIC,owner_features_v27:CarrierMount2_2,Project-designed generic interface; global coordinate datums; geometry-critical electronics patterns on removable adapters only
CAB-XMEM-011-R1,CF-0217,THROUGH_HOLE,XZ,part-local lower-left on indicated machining face; CAD global axes retained in recipe,440,85,6.5,t,true,,DEFINED_PARAMETRIC,owner_features_v27:CarrierMount2_3,Project-designed generic interface; global coordinate datums; geometry-critical electronics patterns on removable adapters only
CAB-XMEM-011-R1,CF-0218,THROUGH_HOLE,XZ,part-local lower-left on indicated machining face; CAD global axes retained in recipe,535,85,6.5,t,true,,DEFINED_PARAMETRIC,owner_features_v27:CarrierMount2_4,Project-designed generic interface; global coordinate datums; geometry-critical electronics patterns on removable adapters only
CAB-REAR-SHELF-001-R1,CF-0219,CABLE_PASS,XY,part-local lower-left on indicated machining face; CAD global axes retained in recipe,170.0,1168.0,"(100, 40)",t,true,,DEFINED_PARAMETRIC,owner_features_v27:RearShelfV14Passage1,Project-designed generic interface; global coordinate datums; geometry-critical electronics patterns on removable adapters only
CAB-REAR-SHELF-001-R1,CF-0220,CABLE_PASS,XY,part-local lower-left on indicated machining face; CAD global axes retained in recipe,330.0,1168.0,"(100, 40)",t,true,,DEFINED_PARAMETRIC,owner_features_v27:RearShelfV14Passage2,Project-designed generic interface; global coordinate datums; geometry-critical electronics patterns on removable adapters only
BB-FLOOR-001-R1,CF-0221,CABLE_PASS,XY,part-local lower-left on indicated machining face; CAD global axes retained in recipe,170.0,1168.0,"(100, 40)",t,true,,DEFINED_PARAMETRIC,owner_features_v27:BackboxFloorV14Passage1,Project-designed generic interface; global coordinate datums; geometry-critical electronics patterns on removable adapters only
BB-FLOOR-001-R1,CF-0222,CABLE_PASS,XY,part-local lower-left on indicated machining face; CAD global axes retained in recipe,330.0,1168.0,"(100, 40)",t,true,,DEFINED_PARAMETRIC,owner_features_v27:BackboxFloorV14Passage2,Project-designed generic interface; global coordinate datums; geometry-critical electronics patterns on removable adapters only
BB-REAR-FRAME-T-R1,CF-0223,VENT,XZ,part-local lower-left on indicated machining face; CAD global axes retained in recipe,105.0,1185.8,"(100, 80)",t,true,,DEFINED_PARAMETRIC,owner_features_v27:Exhaust1,Project-designed generic interface; global coordinate datums; geometry-critical electronics patterns on removable adapters only
BB-REAR-FRAME-T-R1,CF-0224,THROUGH_HOLE,XZ,part-local lower-left on indicated machining face; CAD global axes retained in recipe,95,1180.8,4.5,t,true,,DEFINED_PARAMETRIC,owner_features_v27:ExhaustMount1_1,Project-designed generic interface; global coordinate datums; geometry-critical electronics patterns on removable adapters only
BB-REAR-FRAME-T-R1,CF-0225,THROUGH_HOLE,XZ,part-local lower-left on indicated machining face; CAD global axes retained in recipe,215,1180.8,4.5,t,true,,DEFINED_PARAMETRIC,owner_features_v27:ExhaustMount1_2,Project-designed generic interface; global coordinate datums; geometry-critical electronics patterns on removable adapters only
BB-REAR-FRAME-T-R1,CF-0226,THROUGH_HOLE,XZ,part-local lower-left on indicated machining face; CAD global axes retained in recipe,95,1270.8,4.5,t,true,,DEFINED_PARAMETRIC,owner_features_v27:ExhaustMount1_3,Project-designed generic interface; global coordinate datums; geometry-critical electronics patterns on removable adapters only
BB-REAR-FRAME-T-R1,CF-0227,THROUGH_HOLE,XZ,part-local lower-left on indicated machining face; CAD global axes retained in recipe,215,1270.8,4.5,t,true,,DEFINED_PARAMETRIC,owner_features_v27:ExhaustMount1_4,Project-designed generic interface; global coordinate datums; geometry-critical electronics patterns on removable adapters only
BB-REAR-FRAME-T-R1,CF-0228,VENT,XZ,part-local lower-left on indicated machining face; CAD global axes retained in recipe,395.0,1185.8,"(100, 80)",t,true,,DEFINED_PARAMETRIC,owner_features_v27:Exhaust2,Project-designed generic interface; global coordinate datums; geometry-critical electronics patterns on removable adapters only
BB-REAR-FRAME-T-R1,CF-0229,THROUGH_HOLE,XZ,part-local lower-left on indicated machining face; CAD global axes retained in recipe,385,1180.8,4.5,t,true,,DEFINED_PARAMETRIC,owner_features_v27:ExhaustMount2_1,Project-designed generic interface; global coordinate datums; geometry-critical electronics patterns on removable adapters only
BB-REAR-FRAME-T-R1,CF-0230,THROUGH_HOLE,XZ,part-local lower-left on indicated machining face; CAD global axes retained in recipe,505,1180.8,4.5,t,true,,DEFINED_PARAMETRIC,owner_features_v27:ExhaustMount2_2,Project-designed generic interface; global coordinate datums; geometry-critical electronics patterns on removable adapters only
BB-REAR-FRAME-T-R1,CF-0231,THROUGH_HOLE,XZ,part-local lower-left on indicated machining face; CAD global axes retained in recipe,385,1270.8,4.5,t,true,,DEFINED_PARAMETRIC,owner_features_v27:ExhaustMount2_3,Project-designed generic interface; global coordinate datums; geometry-critical electronics patterns on removable adapters only
BB-REAR-FRAME-T-R1,CF-0232,THROUGH_HOLE,XZ,part-local lower-left on indicated machining face; CAD global axes retained in recipe,505,1270.8,4.5,t,true,,DEFINED_PARAMETRIC,owner_features_v27:ExhaustMount2_4,Project-designed generic interface; global coordinate datums; geometry-critical electronics patterns on removable adapters only
