ID,instance,source,quantity,stock_mm,material,bounds_mm,volume_mm3,status
M001,P001-Main,SIDE_L,1,18,STRUCTURAL_PREMIUM,"[0.0, 0.0, 596.9, 1315.878174602454]",11826016.358975915,ONE_SIDE_CNC_PLUS_MANUAL_FINISH
M002,P002-Main,SIDE_R,1,18,STRUCTURAL_PREMIUM,"[-3.9968028886505635e-15, 0.0, 596.9, 1315.878174602454]",11826016.358975908,ONE_SIDE_CNC_PLUS_MANUAL_FINISH
M003,P003-Main,FRONT,1,18,STRUCTURAL_PREMIUM,"[2.220446049250313e-15, 0.0, 612.4282291149887, 400.05]",2803175.2290301383,ONE_SIDE_CNC_PLUS_MANUAL_FINISH
M004,P004-Main,REAR,1,18,STRUCTURAL_PREMIUM,"[-4.440892098500626e-16, 3.410605131648481e-13, 612.4760624467924, 596.9000000000003]",3486674.2508963915,ONE_SIDE_CNC_PLUS_MANUAL_FINISH
M005,P005-Main,FLOOR,1,18,STRUCTURAL_PREMIUM,"[-1.7763568394002505e-15, 0.0, 600.6500000000001, 1272.1]",12848793.77360276,ONE_SIDE_CNC_PLUS_MANUAL_FINISH
M006,P006-Main,FLOOR_CLEAT_18,1,18,STRUCTURAL_PREMIUM,"[0.0, 0.0, 30.0, 1152.1]",622134.0,ONE_SIDE_CNC_READY
M006,P007-Main,FLOOR_CLEAT_552,1,18,STRUCTURAL_PREMIUM,"[0.0, 0.0, 30.0, 1152.1]",622134.0,ONE_SIDE_CNC_READY
M007,P008-Main,REAR_DOOR,1,12,MODULAR_SECONDARY,"[0.0, 1.1368683772161603e-13, 396.0, 329.0000000000001]",1559761.2128892979,ONE_SIDE_CNC_PLUS_MANUAL_FINISH
M008,P009-Main,SHELF_1,1,12,MODULAR_SECONDARY,"[-28.65000000000009, 0.0, 560.0, 150.0]",1058429.6018667486,ONE_SIDE_CNC_PLUS_MANUAL_FINISH
M008,P010-Main,SHELF_2,1,12,MODULAR_SECONDARY,"[-28.65000000000009, 0.0, 560.0, 150.0]",1058429.6018667498,ONE_SIDE_CNC_PLUS_MANUAL_FINISH
M009,P011-Main,SHELF_3,1,12,MODULAR_SECONDARY,"[-28.65000000000009, 0.0, 560.0, 150.0]",1058429.6018667505,ONE_SIDE_CNC_PLUS_MANUAL_FINISH
M010,P012-Main,SHELF_SUPPORT_1L,1,18,STRUCTURAL_PREMIUM,"[2.842170943040401e-14, 0.0, 42.00000000000003, 150.0]",110777.35918287505,ONE_SIDE_CNC_PLUS_MANUAL_FINISH
M011,P013-Main,SHELF_SUPPORT_1R,1,18,STRUCTURAL_PREMIUM,"[0.0, 0.0, 42.0, 150.0]",110777.35918287508,ONE_SIDE_CNC_PLUS_MANUAL_FINISH
M010,P014-Main,SHELF_SUPPORT_2L,1,18,STRUCTURAL_PREMIUM,"[2.1316282072803006e-14, 0.0, 42.00000000000002, 150.0]",110777.35918287508,ONE_SIDE_CNC_PLUS_MANUAL_FINISH
M011,P015-Main,SHELF_SUPPORT_2R,1,18,STRUCTURAL_PREMIUM,"[0.0, 0.0, 42.0, 150.0]",110777.35918287508,ONE_SIDE_CNC_PLUS_MANUAL_FINISH
M012,P016-Main,SHELF_SUPPORT_3L,1,18,STRUCTURAL_PREMIUM,"[2.842170943040401e-14, 0.0, 42.00000000000003, 150.0]",110777.35918287508,ONE_SIDE_CNC_PLUS_MANUAL_FINISH
M013,P017-Main,SHELF_SUPPORT_3R,1,18,STRUCTURAL_PREMIUM,"[0.0, 0.0, 42.0, 150.0]",110777.35918287508,ONE_SIDE_CNC_PLUS_MANUAL_FINISH
M014,P018-Main,CROSS_1,1,18,STRUCTURAL_PREMIUM,"[0.0, 0.0, 568.2500000000001, 81.57183098591548]",818280.0000000023,ONE_SIDE_CNC_PLUS_MANUAL_FINISH
M014,P019-Main,CROSS_2,1,18,STRUCTURAL_PREMIUM,"[-3.552713678800501e-15, 1.1368683772161603e-13, 568.25, 81.5718309859156]",818279.9999999991,ONE_SIDE_CNC_PLUS_MANUAL_FINISH
M014,P020-Main,CROSS_3,1,18,STRUCTURAL_PREMIUM,"[-3.552713678800501e-15, 2.2737367544323206e-13, 568.25, 81.57183098591571]",818280.0000000058,ONE_SIDE_CNC_PLUS_MANUAL_FINISH
M015,P021-Main,CROSS_GUIDE_1L,1,18,STRUCTURAL_PREMIUM,"[0.0, -4.468157470978387e-31, 145.0, 60.0]",138523.5070003009,ONE_SIDE_CNC_PLUS_MANUAL_FINISH
M016,P022-Main,CROSS_GUIDE_1R,1,18,STRUCTURAL_PREMIUM,"[5.684341886080802e-14, 0.0, 145.00000000000009, 60.0]",138523.5070003008,ONE_SIDE_CNC_PLUS_MANUAL_FINISH
M015,P023-Main,CROSS_GUIDE_2L,1,18,STRUCTURAL_PREMIUM,"[0.0, 0.0, 145.0, 60.0]",138523.50700030092,ONE_SIDE_CNC_PLUS_MANUAL_FINISH
M016,P024-Main,CROSS_GUIDE_2R,1,18,STRUCTURAL_PREMIUM,"[0.0, 0.0, 145.0, 60.0]",138523.50700030092,ONE_SIDE_CNC_PLUS_MANUAL_FINISH
M015,P025-Main,CROSS_GUIDE_3L,1,18,STRUCTURAL_PREMIUM,"[0.0, 0.0, 145.0, 60.0]",138523.50700030092,ONE_SIDE_CNC_PLUS_MANUAL_FINISH
M016,P026-Main,CROSS_GUIDE_3R,1,18,STRUCTURAL_PREMIUM,"[5.684341886080802e-14, 0.0, 145.00000000000006, 60.0]",138523.50700030092,ONE_SIDE_CNC_PLUS_MANUAL_FINISH
M017,P027-Main,PC_BASE,1,18,MODULAR_SECONDARY,"[-5.684341886080802e-14, 1.1368683772161603e-13, 284.99999999999994, 460.0000000000001]",2357807.9684582357,ONE_SIDE_CNC_PLUS_MANUAL_FINISH
M018,P028-Main,BACKBOX_BASE,1,18,STRUCTURAL_PREMIUM,"[-28.649999999999977, -12.0, 572.0000000000001, 162.9749999999999]",1480358.506941256,ONE_SIDE_CNC_PLUS_MANUAL_FINISH
M024,P033-Main,SSF_BST_Carrier,1,12,STRUCTURAL_PREMIUM,"[0.0, 0.0, 180.0, 180.0]",387659.60186674696,ONE_SIDE_CNC_READY
M025,P034-Main,PF_BasePlywood,1,18,STRUCTURAL_PREMIUM,"[-7.105427357601002e-15, -3.341771304121721e-14, 528.65, 1020.0]",9183759.45187481,ONE_SIDE_CNC_PLUS_MANUAL_FINISH
M026,P035-Main,PF_OpenCradleL,1,18,STRUCTURAL_PREMIUM,"[0.0, -3.8118348047797264e-32, 478.2203301149066, 80.0]",480358.9461748493,ONE_SIDE_CNC_PLUS_MANUAL_FINISH
M027,P036-Main,PF_OpenCradleR,1,18,STRUCTURAL_PREMIUM,"[1.0957901253050295e-13, 0.0, 478.2203301149067, 80.0]",480358.94617484947,ONE_SIDE_CNC_PLUS_MANUAL_FINISH
M028,P037-Main,RemovableIntakeFilterL,1,12,MODULAR_SECONDARY,"[0.0, 2.842170943040401e-14, 170.00000000000057, 170.00000000000108]",163000.81559604948,ONE_SIDE_CNC_PLUS_MANUAL_FINISH
M028,P038-Main,RemovableIntakeFilterR,1,12,MODULAR_SECONDARY,"[8.526512829121202e-14, 2.842170943040401e-14, 170.00000000000063, 170.00000000000108]",163000.8155960495,ONE_SIDE_CNC_PLUS_MANUAL_FINISH
M029,P039-Main,MX_WoodSeatL,1,18,STRUCTURAL_PREMIUM,"[5.6343818499726694e-14, 0.0, 38.90000000000004, 115.0]",63095.55030953105,ONE_SIDE_CNC_PLUS_MANUAL_FINISH
M029,P040-Main,MX_WoodSeatR,1,18,STRUCTURAL_PREMIUM,"[-5.734301922188934e-14, 0.0, 38.89999999999993, 115.0]",63095.550309530925,ONE_SIDE_CNC_PLUS_MANUAL_FINISH
M030,P041-Main,MatrixCarrier,1,12,MODULAR_SECONDARY,"[-1.2434497875801753e-14, -3.410605131648481e-13, 540.0, 95.37499999999977]",616025.361500098,ONE_SIDE_CNC_PLUS_MANUAL_FINISH
M033,P044-Main,BB_Floor,1,18,STRUCTURAL_PREMIUM,"[-5.684341886080802e-14, -2.8821389719269064e-13, 756.0, 156.0999999999999]",1699798.4099964907,ONE_SIDE_CNC_PLUS_MANUAL_FINISH
M035,P046-Main,BB_RearFrame,1,18,STRUCTURAL_PREMIUM,"[-1.4210854715202004e-14, -2.2737367544323206e-13, 780.0, 723.8999999999999]",2076127.1999998407,ONE_SIDE_CNC_PLUS_MANUAL_FINISH
M056,P079-Main,BB_DoorL,1,12,MODULAR_SECONDARY,"[0.0, 2.2737367544323206e-13, 351.0, 628.0000000000003]",2389969.5614901287,ONE_SIDE_CNC_PLUS_MANUAL_FINISH
M057,P080-Main,BB_DoorR,1,12,MODULAR_SECONDARY,"[-5.684341886080802e-14, 2.2737367544323206e-13, 350.99999999999994, 628.0000000000003]",2389969.561490129,ONE_SIDE_CNC_PLUS_MANUAL_FINISH
M062,P085-Reduced18,BB_HingeCleatL,1,18,STRUCTURAL_PREMIUM,"[-7.105427357601002e-15, 2.2737367544323206e-13, 22.999999999999993, 628.0000000000003]",202216.00000000003,ONE_SIDE_CNC_READY
M062,P086-Reduced18,BB_HingeCleatR,1,18,STRUCTURAL_PREMIUM,"[-5.684341886080802e-14, 2.2737367544323206e-13, 22.999999999999943, 628.0000000000003]",202216.00000000003,ONE_SIDE_CNC_READY
M063,P087-Main,BB_CenterAstragal,1,12,MODULAR_SECONDARY,"[0.0, 2.2737367544323206e-13, 36.0, 604.0000000000003]",260928.00000000006,ONE_SIDE_CNC_READY
M064,P088-Main,BB_UprightLockLParkingPad0,1,18,STRUCTURAL_PREMIUM,"[5.684341886080802e-14, 0.0, 50.00000000000006, 32.0]",26191.69269935707,ONE_SIDE_CNC_READY
M065,P089-Main,BB_UprightLockLParkingPad1,1,18,STRUCTURAL_PREMIUM,"[5.684341886080802e-14, 0.0, 50.00000000000006, 32.0]",26070.610482499964,ONE_SIDE_CNC_PLUS_MANUAL_FINISH
M064,P090-Main,BB_UprightLockRParkingPad0,1,18,STRUCTURAL_PREMIUM,"[5.684341886080802e-14, 0.0, 50.00000000000006, 32.0]",26191.69269935707,ONE_SIDE_CNC_READY
M065,P091-Main,BB_UprightLockRParkingPad1,1,18,STRUCTURAL_PREMIUM,"[5.684341886080802e-14, 0.0, 50.00000000000006, 32.0]",26070.610482499964,ONE_SIDE_CNC_PLUS_MANUAL_FINISH
M066,P092-Main,BB_FanBlankL,1,12,MODULAR_SECONDARY,"[0.0, -2.2870594307278225e-13, 128.0, 127.99999999999977]",195844.5929851777,ONE_SIDE_CNC_READY
M066,P093-Main,BB_FanBlankR,1,12,MODULAR_SECONDARY,"[0.0, -2.2870594307278225e-13, 128.0, 127.99999999999977]",195844.5929851777,ONE_SIDE_CNC_READY
SW01,P029-Solid,CandidateLegBlockFL,1,,STRUCTURAL_SOLID_WOOD,"[-3.8890873000161834, -3.8890873000161834, 54.0, 54.00000000000001]",176894.21738214552,SHOP_MADE_SOLID_WOOD_PART
SW01,P030-Solid,CandidateLegBlockFR,1,,STRUCTURAL_SOLID_WOOD,"[-3.8890873000176542, -3.889087300017711, 54.0, 54.00000000000001]",176894.21738778948,SHOP_MADE_SOLID_WOOD_PART
SW01,P031-Solid,CandidateLegBlockRL,1,,STRUCTURAL_SOLID_WOOD,"[-3.8890873000177395, -3.8890873000177963, 54.0, 54.00000000000001]",176894.21738901272,SHOP_MADE_SOLID_WOOD_PART
SW01,P032-Solid,CandidateLegBlockRR,1,,STRUCTURAL_SOLID_WOOD,"[-3.889087300015423, -3.889087300015537, 54.0, 54.00000000000001]",176894.21738093364,SHOP_MADE_SOLID_WOOD_PART
M074,P097-Main,Underfront_Plate,1,12,MODULAR_SECONDARY,"[0.0, 0.0, 160.0, 116.0]",221279.57513160614,ONE_SIDE_CNC_PLUS_MANUAL_FINISH
SW02,P095-Solid,FrontLandingL_Block,1,,STRUCTURAL_SOLID_WOOD,"[3.552713678800501e-15, 0.0, 68.0, 70.0]",245252.62800844762,SHOP_MADE_SOLID_WOOD_PART
SW02,P096-Solid,FrontLandingR_Block,1,,STRUCTURAL_SOLID_WOOD,"[0.0, 0.0, 68.0, 70.0]",245252.62800844762,SHOP_MADE_SOLID_WOOD_PART
M031,P042-Main,BB_SideL,1,18,STRUCTURAL_PREMIUM,"[5.562217353372034e-14, -1.723066134218243e-13, 723.9000000000001, 248.0]",2638801.561357351,ONE_SIDE_CNC_PLUS_MANUAL_FINISH
M032,P043-Main,BB_SideR,1,18,STRUCTURAL_PREMIUM,"[1.1368683772161603e-13, -1.723066134218243e-13, 723.9000000000001, 248.0]",2638801.5613573347,ONE_SIDE_CNC_PLUS_MANUAL_FINISH
M034,P045-Main,BB_Top,1,18,STRUCTURAL_PREMIUM,"[0.0, -64.80592623290522, 756.0, 182.0999999999999]",3359895.8441773723,ONE_SIDE_CNC_PLUS_MANUAL_FINISH
M078,V34-BB_MONITOR_PLATE,BB_MONITOR_PLATE,1,18,STRUCTURAL_PREMIUM,"[0.0, 0.0, 752.0, 448.79999999999995]",5343731.968568945,ONE_SIDE_CNC_PLUS_MANUAL_FINISH
M075,V34-BB_MONITOR_STOP_L,BB_MONITOR_STOP_L,1,12,STRUCTURAL_PREMIUM,"[-31.000000000000057, 0.0, 8.999999999999943, 30.0]",14400.0,ONE_SIDE_CNC_PLUS_MANUAL_FINISH
M075,V34-BB_MONITOR_STOP_R,BB_MONITOR_STOP_R,1,12,STRUCTURAL_PREMIUM,"[-31.000000000000057, 0.0, 8.999999999999943, 30.0]",14400.0,ONE_SIDE_CNC_PLUS_MANUAL_FINISH
M076,V34-BB_DMD_SPEAKER_PANEL,BB_DMD_SPEAKER_PANEL,1,18,STRUCTURAL_PREMIUM,"[0.0, 0.0, 752.0, 203.0]",2333062.0679013114,ONE_SIDE_CNC_PLUS_MANUAL_FINISH
M077,V34-BB_GLASS_TOP_RETAINER,BB_GLASS_TOP_RETAINER,1,12,STRUCTURAL_PREMIUM,"[0.0, -2.2737367544323206e-13, 744.0, 11.999999999999773]",107136.0,ONE_SIDE_CNC_PLUS_MANUAL_FINISH
M037,V34-BB_GLASS_BOTTOM_SEAT,BB_GLASS_BOTTOM_SEAT,1,18,STRUCTURAL_PREMIUM,"[0.0, -18.0, 744.0, 0.0]",193440.0,ONE_SIDE_CNC_PLUS_MANUAL_FINISH
